Cyrille,Tother,76.157.164.162,0 Mifflin Parkway,629-232-1052,Vagonoremont
Blanca,Shacklady,66.163.232.82,6048 Dexter Way,369-827-0343,San Antonio
Emile,Parcell,22.240.204.64,9 Division Place,801-855-0527,Itum-Kali
Raeann,Jennins,114.57.216.69,765 Morningstar Junction,139-417-5274,Burns Lake
Honor,Housegoe,7.152.238.73,9113 Commercial Court,207-545-3227,Khueang Nai
Donia,Houlson,82.143.123.67,2738 South Trail,802-686-0674,Bayan Ewenke Minzu
Creighton,Ollenbuttel,119.116.162.209,66 Stang Crossing,508-638-4846,Kurume
Chas,Hallor,205.115.212.121,51 Killdeer Place,603-749-4814,San Luis Jilotepeque
Brandice,Von Oertzen,145.58.105.56,3893 Service Parkway,632-825-1178,Gierłoż
Abby,Mushawe,237.198.150.42,30524 Amoth Point,929-988-5349,Hetoudian
Harvey,Poore,125.44.109.101,236 Hoepker Terrace,386-115-7713,Kourou
Denny,Shuttlewood,208.162.218.93,5 Ludington Drive,661-785-1592,Cikaras
Addia,McLleese,188.144.201.28,11 Westend Avenue,763-185-7292,Pejë
Glori,Wrennall,254.147.96.162,3 Clove Avenue,237-644-2838,Bromma
Rowe,Woollends,48.145.158.239,8 Hanson Way,785-989-7214,Vale de Vila
Katleen,Gerbel,249.91.237.47,90512 Golf View Plaza,525-443-3916,Sakaraha
Ilise,Garlant,62.79.68.99,04 Village Green Point,871-932-5268,Pābna
Erick,Hulcoop,250.198.157.164,73608 Oxford Parkway,920-735-8718,Harstad
Rafferty,Fassbindler,39.176.58.235,3881 Doe Crossing Trail,314-697-7457,Safotulafai
Parsifal,Brien,15.236.242.235,268 Village Green Terrace,725-530-5672,Mathba
Ax,Hellin,38.50.159.131,18 Del Mar Trail,218-696-5537,Dobříš
Enid,Scritch,21.48.54.211,6192 Schlimgen Place,108-379-8448,Vladivostok
Marta,Scinelli,93.197.121.255,1082 Almo Hill,534-365-1900,Tallbīsah
Clary,Ternouth,102.61.12.121,5 Mockingbird Alley,738-803-7668,Bolinao
Ivory,Budgett,215.19.232.131,209 Manitowish Trail,341-125-0821,Gabahan
Rosie,Hupka,96.152.45.85,42 Rockefeller Road,102-963-4967,Głogów Małopolski
Darline,Harmon,13.66.136.3,6 Badeau Road,543-207-2630,Tamanan
Rudyard,Karp,21.159.214.128,8123 Blackbird Drive,875-168-2266,Okhansk
Beck,Handford,127.22.212.28,07 Golf View Trail,876-620-4848,Huacho
Lurette,Birchill,155.100.12.190,5233 Sage Avenue,440-473-3418,Hongyansi
Gannie,Gommey,138.147.69.223,84232 Myrtle Terrace,512-355-9720,Morteros
Carola,Pauletti,146.60.40.0,47 Westridge Road,605-342-4508,Talpe
Fritz,Epgrave,84.163.87.138,998 Hintze Hill,325-109-8401,Dobczyce
Amata,Keighly,232.78.234.248,292 Northport Park,581-214-4225,Heyin
Gerrard,Rodden,99.248.139.244,6841 Reinke Lane,170-294-0830,Sangmu
Townie,Croxton,108.11.231.30,03709 Hazelcrest Point,563-321-3406,Alangilanan
Arielle,D'Hooghe,202.51.11.200,27345 Valley Edge Way,571-240-7953,Perches
Geoffrey,Rhucroft,61.23.187.5,713 Fulton Circle,382-104-7623,Além do Rio
Morty,Jefford,226.202.114.165,07 Morningstar Pass,343-227-5117,Garunggang
Kerr,Crowther,166.175.224.204,3365 Washington Park,331-747-1068,Leribe
Ebeneser,Kiehne,91.176.160.56,308 Dahle Junction,229-154-2747,Kranjska Gora
Bertrand,Pocklington,82.129.196.217,7511 School Point,301-540-2504,Huangmao
Darleen,Griffe,220.219.244.7,92 Northland Avenue,566-702-5923,Oro Timur
Debbi,Peaddie,236.84.195.10,1558 Brentwood Place,112-842-3898,Mafinga
Gustav,Lammerts,30.220.115.203,908 Mcbride Avenue,543-645-2037,Fosca
Merry,Eastway,123.113.111.154,69714 Mandrake Court,676-266-5632,Ganyi
Tessi,Bestall,159.244.179.17,70000 Briar Crest Lane,786-685-4678,Čair
Martelle,Valett,182.236.95.203,6785 Armistice Alley,304-153-3381,Luoluopu
Giraldo,Whissell,133.38.176.200,1 Loomis Street,808-626-5679,Concepción Tutuapa
Deeann,Frisch,150.147.58.210,1 Melrose Way,594-338-9920,Marelesu
Barbabra,Luton,255.163.212.103,24458 Rusk Avenue,393-963-1058,Xinhui
Benedetto,Dawidowicz,113.134.85.108,12 Superior Junction,239-763-1969,Kliwon Cibingbin
Kaylee,Cowitz,8.180.7.248,3 Manitowish Plaza,445-749-0294,Yanshan
Mavis,Allawy,176.140.156.214,35478 East Court,204-131-4705,Paulínia
Helen,Mattiuzzi,173.9.221.192,2630 Drewry Alley,839-355-8186,Lower Hutt
Magdaia,Eliasen,214.154.170.150,2564 Hovde Place,311-637-1044,Vondrozo
Gino,Schelle,177.165.198.71,181 Express Trail,269-230-0620,Llocllapampa
Venita,Grayley,233.53.146.100,268 Carioca Drive,970-321-6172,Patnongon
Junina,Pendleton,39.92.217.106,48 Melrose Crossing,680-871-1715,Arys
Trumaine,Skentelbery,18.221.236.40,9830 Mandrake Terrace,169-358-6334,Järfälla
Andriette,Stubbins,158.58.146.255,28768 Southridge Street,594-591-1753,Taling Chan
Bonni,Vevers,97.102.77.215,0333 Holmberg Point,921-924-3068,Bom Jesus da Lapa
Mercedes,Meredith,62.128.205.46,059 Stuart Pass,786-179-1831,Miami
Dasya,Parcall,191.211.51.128,35460 Walton Park,700-375-6656,Ayacucho
My,Ryrie,111.97.162.91,22 Leroy Street,608-615-0964,Madagali
Joannes,McNern,230.124.236.129,57270 Vahlen Hill,505-395-7869,Singkir
Thaine,Giacobillo,189.216.55.178,58354 Pleasure Way,884-628-8338,Miejska Górka
Drusi,Dragon,202.115.27.172,65 Comanche Point,884-576-9606,Koanara
Wright,Onthank,16.75.254.187,71771 Upham Lane,651-945-1447,La Cruz
Edin,Nisby,141.187.24.20,2 Carioca Hill,528-354-1049,Quinta da Torre
Beryl,Matuszynski,51.19.25.26,23826 6th Park,415-117-2575,Az Zawr
Lenora,Colin,244.150.24.15,1 Valley Edge Way,253-840-6637,Sinarbakti
Camila,Milnes,68.150.101.116,0 Burning Wood Alley,184-664-5775,Solnechnogorsk
Robinet,Grunder,17.179.130.33,8 Barnett Junction,151-862-1127,Thị Trấn Tam Sơn
Lanna,Gully,112.94.137.56,471 Oak Valley Place,501-448-3052,Solna
Dieter,Finnes,102.151.208.76,3 Harper Alley,169-576-6772,Miskolc
Jenna,Maryin,170.92.148.123,72 Dryden Street,821-808-8345,Kremenki
Coretta,Glyn,231.28.249.237,485 Burning Wood Plaza,559-203-7602,Kučevo
Agneta,Blofeld,128.20.130.212,9 Lunder Pass,340-188-4720,Changshan
Babs,Huke,62.89.236.91,50653 Bunting Way,754-904-8523,Maiduguri
Elissa,Sterling,56.37.159.184,30 Truax Drive,289-929-6286,Khulna
Lynelle,Rubroe,187.146.191.23,33025 Karstens Park,604-329-1148,Tadrart
Cory,Hauch,187.243.164.98,94 Glendale Crossing,222-533-7506,Kobelyaky
Frederich,Edmott,157.10.132.102,19528 Johnson Trail,993-855-1189,Horodnya
Fraze,Barz,28.174.181.127,7530 Havey Avenue,204-417-0154,Kamimaruko
Tersina,Tomalin,193.71.0.180,674 Fulton Road,923-354-3726,Schiltigheim
Titus,Fardo,204.83.113.145,177 Susan Trail,416-689-5187,Szczerbice
Marlo,Hindsberg,56.185.200.182,7 Blue Bill Park Trail,179-154-7280,Hekou
Edmund,Giuroni,58.174.150.171,50 Meadow Vale Terrace,298-716-9060,Hafrsfjord
Gabrila,Moralas,201.144.136.44,534 Sachs Parkway,605-115-1743,Borovan
Isadore,Rubica,25.165.235.193,326 Arizona Crossing,302-901-9114,Cavinti
Tymothy,Donativo,93.24.99.32,19 Kingsford Parkway,818-275-5818,Passo Fundo
Jacques,Devennie,157.112.141.17,61758 Dorton Lane,893-274-5851,Galis
Aubry,Jurs,135.72.253.88,113 Jenifer Parkway,302-342-3923,Belfast
Munroe,Gounin,171.193.230.15,5 Oxford Trail,513-876-8940,Bobowa
Raul,Pinyon,224.236.25.224,9 Sunfield Avenue,738-393-4254,Kimovsk
Dougy,Goodlatt,138.167.221.125,5 Aberg Parkway,177-651-7265,Qinjia
Worth,Gocke,249.222.96.154,9 Arizona Point,285-120-8561,Falāvarjān
Amelie,Dovermann,94.55.176.228,88 Atwood Terrace,512-974-4640,Tamianglayang
Jessica,Romushkin,202.204.50.38,51 Northview Hill,971-584-8781,Portland
Mendy,Bleddon,115.46.187.33,6029 Duke Drive,610-695-0643,Petrich
Beniamino,Calow,60.34.15.89,1828 Portage Alley,955-585-8463,Sovetsk
Charmian,Ugoletti,126.183.230.221,377 Atwood Point,485-645-9391,Dromiskin
Dani,Foulis,150.56.163.93,13 Prairieview Center,702-896-6027,Oenaik
Dom,Jahnel,200.100.103.182,48 Reinke Plaza,570-819-2482,Wilkes Barre
Garrard,Vellender,138.104.186.159,101 Rockefeller Trail,950-576-8759,Huangtan
Skipp,de Pinna,138.238.173.139,61 Sutherland Terrace,834-689-4025,Mawlamyinegyunn
Davida,Mangam,72.218.236.108,0 Westridge Alley,771-946-6293,Gourma Rharous
Stacy,Duny,155.113.216.70,2639 Arrowood Hill,653-446-5152,Jingyao
Mendie,Rankmore,84.70.6.247,668 Brown Parkway,559-852-6311,Jimaguayú
Kyrstin,Crowcroft,97.105.190.162,72362 Northfield Place,811-201-1168,Layog
Marcelline,Lendon,139.121.31.19,2 Browning Place,543-409-6729,Opatowiec
Rudolfo,Eyeington,187.151.149.227,12 Johnson Hill,781-348-8167,Johor Bahru
Alice,Jenson,11.136.118.55,0 Warner Road,995-788-6730,Tanjungagung
Bonnibelle,Bernini,210.20.53.204,37 Independence Hill,191-874-8984,Odienné
Aleta,Pietrasik,136.209.228.239,219 Jana Road,526-146-8673,Stockholm
Pinchas,Cudde,126.231.197.57,4199 Village Street,124-956-4578,Pokachi
Llywellyn,Bastock,164.157.96.223,37676 Truax Point,443-464-1299,General Pico
Florella,Coverley,23.3.205.20,94 Buena Vista Road,647-458-5581,Svetlyy
Maynord,Kindleysides,35.79.77.73,53 Schiller Court,496-689-6740,Cruzeiro
Wilton,Szymon,62.168.164.46,1 Lighthouse Bay Plaza,667-182-2356,Shaba Zhen
Mose,Samudio,224.188.202.20,97 Badeau Court,891-337-0006,Beaconsfield
Tine,Chillistone,206.42.13.26,6666 6th Road,741-432-6131,Izumi
Paxon,Fiddler,39.46.138.129,2 Oneill Way,834-713-9298,Nowa Sól
Donnell,Randell,52.157.177.95,0623 Pine View Road,499-872-0864,Siderejo
Hakim,Galliard,231.76.214.181,534 Hoepker Hill,193-930-4990,Al Qarmadah
Kellsie,Plaice,158.82.89.211,263 Bashford Lane,368-939-7948,Chervonohryhorivka
Tulley,Carlisle,133.168.203.171,013 Shopko Way,269-148-0443,Youzha
Lorettalorna,Pepin,68.29.134.160,79 Arkansas Lane,995-836-1194,Vårby
Dinnie,Ortner,74.12.52.49,4 Towne Court,647-917-7457,La Francia
Horace,Hoxey,119.16.101.99,901 Ohio Plaza,460-874-5581,Lengkeng
Matthias,McAvaddy,226.110.255.222,5 Helena Parkway,411-365-0660,Huai’an
Allianora,Sharpous,206.117.25.49,7121 Kingsford Center,260-530-8376,Longshan
Orrin,Hurl,60.145.215.108,37 Ridge Oak Terrace,554-292-0780,Loja
Cornelia,Turpey,225.197.83.32,628 Carberry Alley,444-723-5826,La Rochelle
Arny,McWaters,81.229.7.60,100 Melby Point,543-321-8226,Tshaneni
Binny,Palethorpe,97.153.141.79,25 Shelley Street,713-743-5263,Langres
Emanuel,Andren,114.72.99.195,29 Texas Junction,515-509-3925,Bilaran
Thoma,Isgate,170.113.80.61,9661 Arrowood Alley,905-280-3785,Bayabas
Magnum,Bellord,185.75.148.133,39069 Green Ridge Street,261-558-1329,Oltintopkan
Ronny,Greated,201.12.59.207,3 Charing Cross Street,669-366-8307,Palaran
Jude,Keenlayside,135.84.213.142,1 Nancy Junction,864-919-2221,Parlilitan
Clemens,Quadling,165.117.160.125,46 Clemons Place,821-997-8848,Palmitas
Gino,Dowle,150.180.173.27,3256 Hintze Hill,145-415-7837,Kabakovo
Florina,McGillivray,212.5.242.95,89727 Esker Alley,724-687-0142,Heshui
Cassey,Maile,150.242.31.45,4684 Debs Plaza,902-331-7211,Karangpawitan
Charmaine,Hoff,203.82.227.195,7357 Sunnyside Drive,522-920-3440,Iraquara
Conroy,Brodway,152.108.252.46,31 Armistice Crossing,297-186-4108,Waegwan
Cissy,Presho,144.41.87.66,5 Declaration Terrace,676-388-2527,Negararatu
Anthiathia,Tidball,248.83.46.199,61 Magdeline Center,173-884-7180,Huitang
Claus,Hargrove,36.223.57.20,1296 Pawling Alley,253-256-4531,Camp Ithier
John,Sclater,65.216.139.53,1 Larry Court,735-287-3179,Baizhu
Malvin,Broadway,217.90.150.39,85 Brentwood Place,876-167-9515,Yamethin
Dela,Sandwich,211.15.234.74,96804 Lien Center,273-515-1510,Barbacoas
Louisa,Le Conte,164.123.78.60,7 Vidon Terrace,595-478-9757,Lianhe
Marjy,Andrews,50.218.220.96,603 Pennsylvania Street,592-614-9997,Palma De Mallorca
Carmelita,Casella,161.36.130.232,62 Brown Parkway,920-880-3267,Jermuk
Emelyne,Try,154.206.93.215,49 Delladonna Terrace,750-607-6735,Yaransk
Eulalie,Hexam,219.74.134.42,69101 International Terrace,826-628-3298,Feyẕābād
Diarmid,Rawood,207.200.158.204,90824 Melrose Lane,800-596-3717,Alcácer do Sal
Innis,Leblanc,169.106.241.45,3474 Di Loreto Junction,740-306-7279,Gosen
Nealon,Beasant,222.198.49.165,204 Fulton Court,236-860-4824,Chinju
Roldan,Mertsching,229.126.49.216,9966 High Crossing Road,545-122-2817,Kuanfatu
Brita,Fenners,213.1.143.15,36095 Sunnyside Pass,225-879-5922,Niandui
Jacintha,Siemon,27.50.23.111,5075 Hauk Center,236-480-5248,Yanjiang
Itch,Lokier,184.179.187.98,3 Burrows Point,659-630-8246,Fīrūzābād
Idelle,Nulty,72.225.8.99,0447 Anderson Pass,459-812-7130,Uvira
Clarita,Janczyk,239.178.38.242,50 Butternut Crossing,254-738-1453,Batsari
Niki,Korting,236.52.1.38,98 Crowley Trail,831-168-0365,Tidili Mesfioua
Meredith,Kelson,52.50.26.183,37 Darwin Point,666-959-3427,Svilengrad
Valencia,Desesquelle,56.191.176.80,0875 Schurz Drive,147-666-1872,Serang
Jared,Baines,77.166.105.175,2 Golf View Pass,316-779-2164,Pindorama
Arlena,Kuscha,61.234.93.115,14131 Randy Plaza,236-219-5118,Pedro Leopoldo
Angelita,Millhouse,215.185.87.172,5 Rockefeller Hill,408-752-6560,Stockholm
Hollie,Leefe,143.228.248.207,0 Dawn Plaza,419-622-0952,Gachalá
Horton,Citrine,191.210.193.114,2651 Transport Place,852-494-3189,Eling
Katherine,Neads,144.55.152.41,8760 Novick Center,964-222-3604,Divnomorskoye
Whitney,Bertin,251.98.238.252,7223 Meadow Vale Parkway,947-633-2171,San Marcos
Randolf,Wooton,57.143.2.119,86161 Marcy Terrace,961-439-6494,Erba
Phedra,Callender,247.110.250.33,059 Northfield Way,991-129-5259,Fizuli
Morgen,Gages,65.176.164.115,26159 Service Center,857-519-2854,Orly
Deck,Watkins,131.135.237.100,83419 Warrior Crossing,715-143-4728,Khagrachhari
Daloris,Andri,146.6.81.36,671 Express Drive,216-367-5981,Layog
Tammy,Haskey,160.22.247.210,987 Pennsylvania Terrace,585-548-7376,Horlivka
Anderea,Riste,47.84.103.39,144 Maywood Road,873-278-5031,Sukomulyo
Benjie,Lomas,205.199.92.113,7397 Helena Court,411-418-3204,Longshan
Pavel,Skeldon,14.22.0.204,133 Northport Pass,152-927-4188,Pilaya
Evanne,Bogue,213.227.179.173,23577 North Place,500-399-3334,Milton
Jourdain,Ortas,101.183.148.80,6517 Rockefeller Point,677-670-2404,Huamu
Ward,Heindrick,123.203.233.11,41 Browning Place,638-869-3668,Podujeva
Eloisa,Cliffe,227.136.66.18,3884 Montana Crossing,592-697-2190,Cavinti
Shaughn,Derell,230.191.142.223,1 Harper Drive,452-310-3628,Heishan
Mile,Minichillo,67.252.213.237,4 Oriole Drive,976-957-2783,Quchanghī
Prinz,Janouch,241.135.238.215,9 Drewry Street,634-540-5212,Malāyer
Lewie,Frood,74.33.99.11,125 Utah Street,282-446-8735,Fuzhiping
Lorilyn,Handaside,181.178.177.254,36414 Lighthouse Bay Junction,424-482-0077,Sleman
Tanny,Piggins,141.44.154.205,3557 Elka Avenue,951-423-8911,Dana
Jaquelin,Jefferson,176.24.26.240,84677 Lien Park,136-643-6678,Tulle
Davina,Keavy,64.31.239.93,7 Roth Court,808-319-8518,Luena
Morgen,Baddeley,42.166.81.187,4 Spohn Way,200-798-8903,Bantarjati
Clywd,Wagner,118.235.115.44,5 Glendale Street,128-787-5466,Sapu Padidu
Noak,Heffy,148.165.118.255,76315 Havey Way,759-534-4804,Pamotan
Virgie,Clowton,177.88.140.51,9 Hovde Point,247-633-3705,Yezhi
Orson,Balentyne,132.106.254.189,04337 Birchwood Trail,113-971-1630,Mongar
Kirby,Masic,155.134.152.77,0 Twin Pines Parkway,294-710-5908,Trilj
Zena,Blackaller,239.131.52.185,90746 Riverside Park,235-143-3133,Jiangkouxu
Berthe,Coffelt,38.155.225.46,8060 Hollow Ridge Hill,124-171-4668,Pervomayskoye
Gage,Smitherham,0.21.108.83,16 Stone Corner Pass,564-307-5011,Verkhniy Kurkuzhin
Antonius,Bartoletti,116.231.140.100,99 Grayhawk Circle,332-608-3334,Elato
Rosina,Bovey,118.195.102.196,1 Nancy Road,606-822-7855,Xinkai
Zebulen,Choak,70.19.242.98,1310 Westerfield Pass,883-792-6016,Hong’an Chengguanzhen
Merissa,Landells,229.22.116.146,00959 Granby Pass,205-721-7488,Yangxi
Selie,Goullee,189.132.131.184,7607 Tennyson Park,188-290-9228,Shuangxiqiao
Welch,Sturmey,248.113.124.202,91 Ronald Regan Crossing,613-445-1787,Växjö
Carole,Undy,70.144.131.147,51584 Clarendon Avenue,905-359-5854,Bongandanga
Shandeigh,Hadaway,251.78.255.242,43441 Thierer Trail,155-751-8234,Dolní Dunajovice
Garland,Martusov,218.211.234.41,64567 Clemons Pass,855-431-5976,Xinglong
Ogdan,Luetkemeyers,165.243.106.102,68490 1st Park,282-136-1122,Presidencia Roque Sáenz Peña
Lonee,Lewton,81.152.175.43,2 Monterey Crossing,919-136-1814,Aroeira
Johannah,Warke,220.179.133.226,1 Gerald Plaza,783-699-2726,Tetebatu
Kati,Idiens,48.117.59.205,724 Sugar Street,914-840-8734,Shelopugino
Ruddie,Churms,188.180.24.117,90472 Crowley Road,917-482-6101,Bronx
Bill,Egdale,33.11.95.234,990 Hallows Junction,527-902-5009,Dolores
Kirbee,Pays,40.140.117.149,6322 Namekagon Center,409-810-0995,Chaloem Phra Kiat
Vanny,Brigstock,135.221.131.232,10 Garrison Center,640-870-5655,Tianyu
Janice,Harbard,16.36.5.145,969 Browning Trail,267-947-7702,Marapat
Gareth,Wetherill,39.116.84.144,89 Crownhardt Alley,231-807-2338,Tazouta
Jinny,Fermin,7.78.135.109,81345 Meadow Valley Road,693-966-7724,Ždánice
Aurthur,Kem,171.107.164.195,737 Elgar Circle,478-986-2879,Mikrókampos
Ortensia,Nineham,247.155.60.51,61292 Roth Street,710-620-3104,Neópolis
Nicola,Callister,218.58.137.109,493 Johnson Court,567-732-3425,Santa Cruz das Palmeiras
Fransisco,Botwright,116.237.60.179,52 Kropf Road,923-776-8665,Ystad
Wilek,Middlewick,44.81.139.83,19 Merrick Road,807-269-6002,Borås
Shaun,Sagg,50.11.103.132,88 Columbus Trail,394-759-9409,Vynohradove
Baxy,Beynkn,38.130.71.222,3 Artisan Plaza,891-682-4954,Tha Ruea
Cammie,Meaden,70.190.160.223,0186 Schiller Center,307-887-6244,Zabierzów
Shermy,Elverston,222.122.61.236,52 Oneill Junction,819-169-3777,Boljoon
Briano,Crookshank,198.13.94.145,40 Thackeray Street,247-101-9715,Nglengkong
Goldia,Abdie,5.87.1.47,3 Glendale Lane,939-668-8572,Yokotemachi
Maddie,O'Nions,26.100.151.88,286 Colorado Drive,498-882-4462,Ferreñafe
Charlena,Watchorn,16.192.47.230,5094 Darwin Street,423-190-0182,Munkedal
Dru,Swithenby,159.250.248.12,24 Cardinal Hill,391-362-0261,Nîmes
Consuela,Adrienne,48.207.207.60,2 Myrtle Alley,511-738-5822,Dingcheng
Chere,Bagworth,55.193.151.206,305 Heffernan Plaza,495-148-6196,Alor Setar
Moll,Alexsandrov,167.240.249.235,5193 Prentice Terrace,195-512-0092,Santo Domingo
Dael,Kenwyn,246.107.50.109,1331 Hagan Crossing,839-802-9389,Jingchuan
Bradley,Doughton,255.190.151.20,834 Larry Trail,218-261-6441,Cicurug
Harriett,Wellstead,106.174.14.107,93 American Ash Park,312-252-5385,Glinka
Goldina,Morrant,62.137.254.252,9 Anthes Pass,965-754-0997,Toong
Ragnar,Kettel,73.11.61.55,7 Eggendart Way,363-754-7207,Rosmalen
Bernice,Rothera,77.54.213.212,95 Delaware Drive,910-569-1323,Blangpulo
Anissa,Meldon,113.184.174.135,3150 5th Center,305-878-4423,Megulung
Zena,Spraging,247.228.244.217,547 Glacier Hill Pass,448-819-4633,Koronowo
Jemimah,Kasbye,141.105.212.210,5 Tennessee Point,713-660-9335,Zhongshanlu
Eva,Whight,53.188.15.99,327 Texas Drive,824-174-4127,Kristinestad
Marcel,Quartly,97.17.69.72,400 Merrick Avenue,847-196-2927,Vitória
Kristi,Mazin,158.160.232.110,73369 Pawling Drive,278-215-1661,Salto de Pirapora
Mickie,Myhill,122.150.178.38,13861 Mcbride Point,334-722-8123,Mukacheve
Ardelle,Peterffy,82.162.244.142,3375 Corry Junction,445-636-9883,Arţās
Karleen,Juleff,139.118.7.66,5155 Northview Terrace,343-141-4215,Mataigou
Cchaddie,Sivyour,194.61.235.127,01 Melrose Parkway,468-236-8707,Netrakona
Maurice,Hartegan,168.58.29.213,0 Vidon Alley,795-686-4020,Peteranec
Emmeline,Clayfield,42.201.201.15,4729 Crescent Oaks Lane,786-984-0296,Colonia Elisa
Sheila-kathryn,Leirmonth,57.23.121.192,096 Mockingbird Plaza,739-686-6472,Zhinvali
Happy,Meneer,60.37.121.178,038 Mayer Crossing,146-116-6184,Nossa Senhora da Glória
Whitby,Livingstone,11.136.151.107,5 International Parkway,675-616-0929,Xinshiba
Freemon,Cuttell,169.59.32.30,371 American Ash Terrace,362-720-9570,Wuyang
Lothaire,Vedenisov,179.3.211.113,0315 Elmside Alley,123-567-4706,Gevgelija
Ben,Tottman,213.252.211.208,37905 John Wall Avenue,639-610-7112,Padangsidempuan
Cally,Woodwind,226.98.224.145,62333 Lukken Way,395-362-6087,Divichibazar
Gaylor,Dickings,11.176.99.239,58913 Hollow Ridge Street,843-763-9685,Göteborg
Garvy,Stading,210.13.73.91,50953 Straubel Plaza,223-327-0365,Tsagaandörvölj
Brear,Tithecott,247.239.186.209,48 Heffernan Circle,842-689-6494,Kifrī
Andros,Baggiani,104.54.98.69,1 Novick Drive,975-164-4905,Amarete
Harwilll,Howford,17.6.227.16,47 Elka Park,960-772-6065,Al Wāsiţah
Randolf,Canelas,64.200.231.45,3 Maywood Avenue,278-398-2808,Nisí
Ada,Ganford,233.180.189.133,14 Pleasure Crossing,450-837-0455,Jetak Kulon
Jere,Southernwood,251.57.89.30,8 Warrior Drive,448-294-3772,Jiangyan
Madelin,De Beauchemp,45.199.194.6,9 Clove Way,317-699-2478,Banos
Johnny,Canter,1.134.75.137,7 Marquette Plaza,434-828-1274,Mantar
Deonne,Hain,208.144.41.114,45700 Dorton Point,726-565-9425,Otuzco
Shelba,Rash,165.163.151.141,5 Little Fleur Circle,404-573-8413,Atlanta
Gregorio,Felderer,138.42.6.174,6412 Nelson Place,692-465-4219,Oke Mesi
Dyann,Sebborn,229.91.85.108,987 Bluejay Circle,547-788-1930,Dabagou
Flint,Devoy,234.13.68.73,7064 Knutson Hill,306-284-3606,Luzhai
Brewer,Bayford,138.248.235.177,28192 Reindahl Court,430-541-6028,Boca de Uchire
Magdalene,Endon,151.27.226.205,0821 Warbler Crossing,763-124-5859,Beopwon
Dwight,Haimes,0.123.25.22,9476 Milwaukee Way,932-904-7539,São Pedro da Aldeia
Reilly,Cicchitello,84.91.170.247,12 Grim Trail,877-643-2599,Al Ibrāhīmīyah
Jeff,Aslet,203.208.132.1,21930 Johnson Street,102-707-8075,Cáchira
Lucine,Endrighi,80.236.103.63,0803 Montana Avenue,436-683-4264,Sukacai Tengah
Jerad,Matthai,92.229.165.225,835 Memorial Pass,540-700-3159,Xinwo
Charis,De Biasio,183.49.8.107,98 East Plaza,112-293-9441,Huolongmen
Enrico,Enticott,91.30.92.158,7878 Almo Terrace,606-313-9860,Jankomir
Benetta,Santostefano.,65.119.116.98,474 Merrick Hill,528-728-9891,Jiexiu
Kingsley,McGarrahan,120.247.61.211,011 Cordelia Pass,674-881-5951,Chivor
Joela,Temple,46.4.47.199,533 Marquette Court,739-921-0250,Khon Buri
Clerissa,Moorman,248.215.175.250,24 Scofield Alley,967-502-0743,Židlochovice
Jacobo,Doog,168.115.95.26,405 Haas Parkway,641-603-8258,Bazi
Cross,Henzer,165.107.143.26,0099 Rockefeller Junction,333-783-2543,Mae Sot
Dalila,Humbell,68.130.125.175,64 Marcy Place,940-191-9836,Murça
Bart,Davoren,119.96.210.237,88073 Messerschmidt Road,449-255-2110,Ādilpur
Yuri,De Ruel,15.85.10.171,9237 Brown Crossing,300-459-4860,Shahezi
Eziechiele,Greenroad,41.13.49.220,1483 Scott Court,788-265-3014,Dūāb
Nickolas,Ingilson,191.62.197.191,60899 Bobwhite Drive,423-791-1000,Dębów
Natalie,Cogdell,247.225.0.85,23906 Algoma Terrace,928-770-5701,Sam Phran
Zaria,De Vere,58.159.15.236,3616 Stone Corner Road,589-423-9245,Golden
Ricky,Cale,135.249.177.181,66182 Melody Pass,794-573-2406,Bayog
Wyatan,Tomsu,74.58.221.99,31299 Corry Parkway,973-969-1880,Żabia Wola
Shannon,Sherburn,230.183.238.59,318 Mosinee Alley,727-451-9005,Sudimoro
Adora,Boule,179.248.98.222,1176 Morningstar Lane,461-951-3170,Pico Truncado
Trixie,Stewart,45.46.66.129,01 Lakewood Gardens Terrace,206-209-8066,Seattle
Poppy,McKirton,8.117.10.154,98707 Lakeland Parkway,909-717-7134,Savannakhét
Bird,Novichenko,207.164.98.219,22 Forest Dale Crossing,954-500-1833,Paringin
Creigh,Prinn,198.220.192.183,831 Monica Point,818-353-9558,Esquipulas Palo Gordo
Sisely,Ingall,155.67.149.78,143 Oxford Parkway,448-976-7746,Yanjiang
Merlina,Jaram,242.10.209.55,15 Redwing Pass,176-282-4497,Banjarejo
Carlo,Vanyashin,141.12.66.191,3 Manley Street,801-893-5075,Fulu
Rickey,Sollam,114.154.105.189,7824 Rigney Trail,233-414-0480,Carlos Casares
Charmane,Cecere,210.27.162.251,06490 Amoth Crossing,879-926-0103,Kaliterus
Ellynn,Wynrahame,21.10.17.92,4344 Del Mar Avenue,484-890-6578,Innoshima
Ashely,Van Geffen,176.142.234.166,20858 Sunnyside Avenue,158-709-5091,Makarov
Meghan,O'Neill,247.213.202.50,9 Dovetail Place,102-325-6286,Yamoto
Eberto,Spira,58.129.35.225,200 Daystar Parkway,103-376-8810,Zunilito
Marsiella,Sandercock,103.85.110.88,101 Clarendon Point,623-841-9196,Stanisław Górny
Laverne,Dudny,14.224.239.145,166 Mallory Crossing,917-618-8432,Batanghari
Tomlin,Coldrick,200.110.168.180,71 Upham Trail,493-531-2624,Velika Kladuša
Wyndham,Garza,99.243.85.195,647 Sauthoff Trail,796-191-8972,Vera Cruz
Bald,Brahmer,57.101.219.159,8051 Mayfield Parkway,349-407-2877,Wujiashan
Elnore,Hoult,33.11.200.20,144 Blackbird Alley,651-597-6172,Liuduzhai
Ado,Wonham,145.31.141.173,090 Bartillon Terrace,804-712-2406,Richmond
Crin,Yerill,11.48.247.100,53 Hollow Ridge Hill,927-811-0781,Luga
Bekki,Testo,77.85.27.152,561 Reindahl Terrace,284-500-3877,Chunmuying
Felicity,Macek,71.18.81.163,4 1st Point,741-257-4506,Miguel Hidalgo
Cleo,Galego,72.211.165.0,7274 Donald Circle,800-794-3497,Canmang
Kory,Van Weedenburg,143.128.140.170,0 Vahlen Center,434-271-0928,Geyuan
Brandy,Glass,149.168.140.239,252 Donald Circle,639-460-9098,Šumperk
Jameson,McGlade,58.38.61.124,489 Fallview Parkway,884-610-4731,Pangal Sur
Cinda,Matusevich,45.224.160.208,1 Sunfield Alley,122-395-5469,Wucheng
Harlen,MacPharlain,69.178.142.99,6 Macpherson Parkway,889-441-7399,Armenia
Liv,Rosenvasser,128.161.144.71,944 Fieldstone Junction,892-234-3236,Västervik
Leontyne,Vallintine,207.18.225.110,0 Canary Center,113-114-4593,Sonina
Waylen,Tuny,173.132.68.66,5883 Florence Street,411-710-5177,Tonota
Sorcha,Jacke,224.21.6.40,57 Cottonwood Center,613-878-3550,Malinovskiy
Klemens,Danilchik,210.84.229.241,31 Spaight Alley,369-597-6713,Corgo
Jillana,Kirkbright,27.85.44.15,0 Helena Court,191-503-3367,San Pedro
Florrie,Gerritsma,126.61.9.6,51451 Arkansas Street,588-100-8057,Zgornje Pirniče
Sorcha,Corns,83.120.244.89,54 Springview Crossing,281-726-9204,Roriz
Any,Martinelli,103.94.64.82,39350 Sutteridge Center,401-830-2180,Bizhou
Gaultiero,Brennon,190.249.10.187,57 Boyd Alley,736-136-6068,Nanjing
Duky,Poizer,198.192.69.220,75 School Parkway,642-115-7154,Nagrog
Jody,Shirland,213.42.216.138,65 Oak Valley Drive,842-817-2604,Ínfias
Atalanta,Pol,92.117.115.94,21507 High Crossing Way,604-470-3808,Huangmei
Oriana,Parmeter,4.241.16.169,17468 Anzinger Alley,882-943-2968,Alor Setar
Hamel,Richold,153.38.24.112,87 Warrior Trail,773-182-6683,Svenljunga
Rochette,Bolding,243.47.39.167,00840 Ronald Regan Pass,834-400-7918,Cikiray
Enos,Romeo,217.203.173.241,818 Mayer Trail,678-950-5762,Ćićevac
Evelina,Pavinese,126.134.58.45,39 Merrick Point,373-238-6664,Molinos
Nananne,Filintsev,233.239.201.178,06488 Arapahoe Crossing,273-789-4190,Roma
Emmalynne,Wivell,36.68.62.42,95101 Evergreen Terrace,214-900-2408,Dallas
Junie,Farnell,195.214.43.44,41 Luster Avenue,236-858-7717,Paraíso
Emiline,Blessed,137.255.41.233,2042 Cardinal Hill,797-325-3724,Acacías
Marcile,Kipping,193.19.179.150,002 Kenwood Crossing,266-594-7809,Vyatskiye Polyany
Daryl,Kilgrove,0.56.136.229,001 Judy Drive,636-883-4885,Magang
Natka,Tollemache,205.11.105.201,97 Gale Court,578-270-2641,Wahawaha
Aldric,Heigho,132.86.114.253,76811 Mosinee Avenue,264-201-3602,El Aïoun
Matilda,Shotton,132.246.28.190,84 Everett Trail,429-756-8448,Ramana
Joela,Sambedge,35.50.103.229,0 Pennsylvania Place,570-573-8101,Karmai
Elsbeth,Vizard,30.148.252.144,14 Warner Terrace,485-670-4165,Uścimów Stary
Caro,Adnett,105.113.86.138,64 Prentice Road,725-346-6213,Turkestan
Nana,Skoyles,103.231.46.188,47 Blaine Terrace,891-111-0442,Chiara
Janela,Grimble,56.7.109.145,9 Valley Edge Court,301-452-7182,Igarapé Miri
Ignace,Couttes,116.111.163.108,5 Forest Way,920-507-5413,Huangliu
Lotti,Reedie,251.151.63.96,6 Armistice Way,703-988-5584,Xia Zanggor
Sidoney,Rhodes,16.32.212.250,10169 Waxwing Circle,688-497-1433,Krenggan
Ray,Gunter,180.69.210.137,150 Roth Terrace,863-283-8212,Lipnik
Vikki,Gannicleff,139.170.13.113,3483 Michigan Street,248-509-3632,Jönköping
Papagena,Abbiss,158.113.115.236,35 Hovde Hill,671-462-3208,Rio Covo ( Santa Eulália )
Domini,Ghidoli,152.113.219.77,985 Muir Junction,388-898-9579,Sulaco
Francisca,Tollfree,135.252.140.100,5 Melody Point,648-783-3513,Battung
Martelle,Perone,243.137.245.14,6643 Old Shore Lane,990-746-5455,Bykivka
Mord,Chaudron,106.165.78.51,901 Goodland Drive,513-945-0132,Roodepoort
Tedi,Reimer,218.101.194.176,542 Corry Crossing,599-575-2569,Dióni
Blondy,Cocksedge,186.36.143.162,01963 Gerald Court,202-185-1607,Lagangilang
Khalil,Hamman,29.158.81.230,3727 Corscot Lane,966-568-4145,Gamay
Danya,Perone,216.109.108.40,5011 Sunnyside Plaza,565-509-7545,Janeng
Corinne,Springtorpe,154.166.121.233,22670 Tomscot Alley,502-378-4136,Jinniu
Blaire,Espadate,150.240.123.117,543 Redwing Terrace,512-841-2228,Paris 05
Hamlin,Bound,62.138.240.219,7 Kingsford Parkway,882-240-9160,Duishan
Christos,Fitchen,181.124.194.200,3 Fairfield Alley,827-290-0409,Dasiping
Tudor,Rableau,131.80.99.185,741 Mosinee Pass,390-980-3699,Matwaḩ
Shurwood,Bigley,76.253.104.1,6 Eggendart Court,521-427-1965,Turtas
Marlee,Franklen,76.17.147.52,82427 Division Center,983-571-3621,Ondoy
Bobbee,Boon,220.245.63.119,1262 Lunder Street,899-650-1773,Anle
Ginelle,Gavan,84.183.183.222,2 Dovetail Plaza,200-202-2222,Miramar
Wayne,Shitliff,9.142.192.190,5139 Mockingbird Park,181-601-2120,Bijela
Raynor,Carvilla,194.84.130.244,997 Myrtle Drive,421-122-8262,Igarapava
Billye,Lampbrecht,40.239.50.207,7631 Sauthoff Place,177-113-0263,Mbumi
Rachael,Palfreeman,82.10.199.12,0 Grim Parkway,863-857-7384,Vlachovo Březí
Mohandis,Bezant,19.214.227.139,75265 Mallard Road,209-569-2447,Fresno
Feodora,Menhenitt,13.142.117.231,08277 Melby Avenue,446-435-6294,Koropí
Ferrel,Stobart,178.53.127.58,06587 Sachs Park,946-188-5752,Bayan Hot
Nadiya,Whitehead,115.193.59.235,92 Blaine Alley,585-506-5019,Rochester
Ninon,Carl,254.127.48.250,23876 Main Way,162-432-5784,Suponevo
Harlan,Marvelley,51.1.34.29,77033 Loomis Park,537-867-2172,Bayan Ewenke Minzu
Augusta,Bewly,224.100.31.67,99036 Jay Lane,571-795-7785,Alfonso
Nerita,Martinson,143.116.181.89,46 Green Parkway,234-992-2209,Rosmalen
Tiler,Howel,252.165.90.129,62543 Drewry Point,642-154-5096,Shangtianba
Jacqueline,Bradie,16.0.96.7,1254 Menomonie Plaza,848-806-8301,Konosha
Ardis,Urlich,22.42.71.158,31 Hermina Terrace,199-716-9807,Gamleby
Dody,Baylie,228.231.45.66,96515 Nobel Court,268-916-4087,Radashkovichy
Torrie,Vinnick,162.172.54.13,81 Hollow Ridge Plaza,213-194-7615,Van Nuys
Jackqueline,Carvell,235.66.145.14,6 Fairfield Point,517-669-9474,Hotonj
Johna,Fitton,22.59.23.59,2209 Buena Vista Lane,124-788-3188,Sumberarumkrajan
Heddie,Jeeks,217.212.55.40,15 Ilene Pass,878-166-3677,Talitsa
Witty,Fernandez,147.14.48.121,99089 Cascade Parkway,108-662-7366,Bertoua
Cass,Burg,3.233.234.249,1 Monument Avenue,649-988-9339,Tõrva
Bailie,Lode,120.249.87.131,308 Caliangt Junction,791-545-8634,Carpalho
Chrissie,Dasent,101.243.223.173,353 Sauthoff Plaza,880-863-4885,Bukabu
Elmira,Stead,75.77.19.246,865 Sauthoff Terrace,406-972-2916,Aţ Ţawīlah
Cordell,Siemens,46.6.160.104,28482 Bay Court,223-753-2235,Villa Serrano
Rupert,Ishak,155.224.26.106,4497 Bluejay Drive,773-104-6958,Anbyŏn-ŭp
Cal,Perrins,181.110.109.121,7016 Elgar Point,562-738-2938,Long Beach
Celinka,Gori,252.160.81.188,56656 Moland Hill,855-212-5652,Trzebnica
Rhodie,Nealey,63.104.38.39,10 Center Street,492-661-9394,Khenifra
Phillip,Etteridge,43.232.123.113,06 Hallows Drive,688-404-4986,Abashiri
Gennie,Severs,81.12.216.41,039 Village Green Trail,537-819-3079,Parang
Alvie,Ferrari,93.73.122.175,4898 Carey Alley,496-737-8921,Bama
Glynnis,Palay,51.121.237.129,397 Lawn Plaza,870-277-0083,Dauphin
Marty,Ogborn,101.83.185.13,1 Carberry Road,532-280-3604,Jabłonica Polska
Sherman,Rignold,9.58.176.222,43504 Katie Way,208-571-9492,Aldeia
Justin,Rawcliffe,171.66.15.85,15 Onsgard Hill,476-511-1721,Gabi
Donaugh,Witherby,78.141.195.210,05525 Delladonna Center,542-679-6299,Maia
Meggie,Lusty,238.197.29.203,263 Merry Lane,542-281-1044,Pangpang
Lorenza,Denisyuk,159.191.92.75,90202 3rd Lane,852-606-8231,Piława Górna
Stace,Gopsall,19.114.234.177,00485 Lyons Crossing,857-219-8816,Kedungdowo
Francyne,Boorman,121.138.70.213,0113 Derek Alley,416-665-7930,Iguatu
Deny,Bellenger,214.12.194.87,980 Victoria Plaza,960-150-3079,Sananrejo
Ali,Janson,198.13.3.12,362 Sullivan Point,383-878-2093,Qingyuan
Bud,Mullane,22.107.240.70,404 Superior Road,908-134-3104,Nampula
Adelina,Dashkov,186.21.149.204,32 Nova Lane,503-374-4843,Mmathubudukwane
Flossi,Bartlet,191.252.47.19,9 Tony Trail,474-934-1575,Kabac
Harrison,Dillet,254.29.96.212,5 Corry Drive,581-992-6326,Tafraout
Shelia,Carswell,160.138.195.102,248 Pearson Lane,275-920-5148,Yên Thành
Bendite,Sharville,132.51.139.192,02753 Fisk Street,914-658-1180,Kalān Deh
Herta,Meriott,140.53.42.159,12 Kingsford Plaza,538-122-1933,Wenfang
Brandy,Carlow,246.143.127.68,47 Chinook Pass,834-531-9254,Lugui
Ermengarde,Goodisson,188.119.14.155,77606 Laurel Circle,717-764-0636,Świętochłowice
Cyrill,Macia,230.237.191.203,701 Fremont Center,824-453-1076,Cigadog
Lindon,Gerrelts,245.253.232.68,02 Green Ridge Hill,259-683-1407,Sanyang
Christoph,Bilfoot,74.120.65.86,968 Northport Terrace,344-646-1015,Glempang Tengah
Karee,Blest,16.217.215.45,47025 Sachtjen Parkway,362-463-7987,Feuknoni
Archibaldo,Bolles,87.43.193.115,7808 Waxwing Parkway,997-957-3882,Meijiahe
Mauricio,Hartfleet,123.144.174.125,6804 Claremont Circle,972-585-2882,Radomin
Trudie,Bilverstone,220.79.191.171,841 Red Cloud Drive,651-655-9872,Nanzamu
Ferdy,Ganny,96.134.147.132,7 Corscot Alley,126-815-7651,Zhongzhai
Minnaminnie,Djorevic,56.184.96.204,84 Summer Ridge Road,495-276-5913,Ermidas do Sado
Marlie,Playford,173.197.41.93,73723 Shopko Junction,575-432-5530,Taibao
Reeba,Domleo,180.7.154.102,85382 Kensington Road,609-920-7322,Antsiranana
Rhiamon,Swiffen,126.149.208.154,535 Anzinger Circle,176-781-6442,Dalaba
Birch,Fussey,23.231.44.158,11 Elmside Court,163-289-9296,São Francisco do Sul
Nikolaus,Ames,132.23.106.176,70897 Manley Parkway,289-159-9945,New Washington
Gerty,Thornham,160.22.7.158,38706 Dunning Terrace,826-334-2875,Parbatipur
Shanna,Stainsby,51.212.138.89,8351 Merry Center,706-957-1087,Anju
Heather,Matejovsky,134.46.249.66,526 American Parkway,648-360-7208,Ciudad Barrios
Miller,Allain,253.93.180.197,03 Sherman Road,884-668-9344,Carabamba
Royal,Norcott,3.148.161.210,316 Farragut Lane,478-718-6781,Zaragoza
Fancy,Killgus,16.155.144.194,2 Corben Trail,621-580-0524,Longfeng
Melba,Huleatt,113.230.98.160,9 Division Alley,205-201-3751,Birmingham
Cesaro,Ibbeson,201.78.47.166,61408 Oakridge Hill,908-585-3471,Kohila
Gerrie,D'Ruel,134.207.138.183,9 Village Avenue,620-283-9878,Longmenfan
Lil,Mulmuray,71.119.149.197,86325 Montana Alley,310-322-4427,Devnya
Jeffie,Insko,169.220.123.23,81773 American Ash Street,354-869-3146,San Agustin
Denis,Ruzicka,149.232.100.130,25 Old Gate Pass,766-611-8296,Pillpinto
Dannie,Harrald,25.101.197.129,70128 Westridge Avenue,573-217-9566,Zhougao
Dorie,Ebbotts,110.147.81.151,300 Talisman Lane,447-377-8168,Nanqiao
Constantin,Fenton,16.170.246.121,704 Mcbride Trail,129-769-0151,Dongjingcheng
Marguerite,Garnul,200.66.35.90,7 Algoma Court,152-559-5681,Hulín
Merrel,Goodbourn,152.188.237.111,32 Clyde Gallagher Street,788-341-0923,Shanhou
Gigi,Easterby,186.128.221.201,0264 Jackson Point,539-109-3193,Paris La Défense
Charisse,Zanicchelli,215.108.231.5,46272 Buhler Lane,374-435-4866,Fryčovice
Cathe,Hubbucke,93.117.79.11,62789 Sunbrook Way,735-393-9906,Chengjiao
Sibyl,Shulver,71.181.168.209,52 Division Avenue,518-561-7626,Kinnegad
Leticia,Tallboy,124.86.84.133,976 Fisk Court,938-910-3992,Kogon
Lauree,Ades,191.90.208.22,78 David Crossing,875-861-9752,Yazd
Kittie,Trulocke,195.49.142.245,1478 Laurel Alley,819-286-9549,Pointe Michel
Emanuel,Darinton,87.147.50.128,2 Old Shore Terrace,372-764-9305,Rakek
Ailyn,Cleaton,50.211.159.86,31759 Oriole Junction,605-975-1899,Clervaux
Violette,Landrick,170.72.150.193,36590 Dovetail Lane,267-767-4912,David
Harald,Stillman,55.160.84.158,218 Summerview Point,270-512-6243,Uchaly
Constantia,Godard,140.38.225.2,063 Towne Avenue,161-632-8751,Xinlin
Juliann,Moncreif,84.192.150.2,509 Melody Center,154-212-6320,Cieurih Satu
Corie,Tine,202.4.181.244,7 Hansons Trail,867-774-9512,Donglu
Faulkner,Lince,17.95.129.49,07 Mariners Cove Pass,934-595-4790,Drammen
Ethan,Robberecht,127.110.34.39,5 Mandrake Circle,730-737-6238,Chiriguaná
Jay,Grunguer,248.239.50.243,1 Morning Lane,359-720-7441,Ifo
Morgan,Placido,112.103.189.152,45300 Sheridan Lane,875-224-0521,Gambaru
Gabriele,Twamley,83.182.147.27,4 Bartillon Circle,318-767-0358,Kuanping
Johanna,Nurdin,228.49.105.19,360 Warrior Road,961-539-1019,Gandapura
Adolpho,Rawll,189.168.8.202,2 2nd Way,869-357-7715,Lizhai
Asa,Walczynski,130.181.169.229,6 Butterfield Junction,353-554-3897,Bugis
Erina,Brotheridge,176.64.252.229,6945 Carey Parkway,661-643-7245,Tiron
Sasha,De Ath,145.88.12.32,7 Sheridan Parkway,838-662-7413,Nickby
Nate,Gheorghie,59.127.92.152,778 Forster Avenue,172-565-7172,Vitoria-Gasteiz
Caroline,Threadgould,48.94.69.240,984 Schiller Alley,470-849-8750,Bulnes
Augusta,Hellen,155.201.2.161,81541 Gina Park,317-779-4103,‘Ayn al ‘Arab
Kincaid,Cosyns,153.95.151.122,3938 Shoshone Avenue,131-709-6205,Maoya
Sonnnie,Scullion,25.178.205.115,4 Sunfield Place,893-394-2379,Suizhou
Amalia,Gallacher,250.22.26.203,91 Reindahl Road,767-747-3954,Solana
Axel,Stamp,139.96.2.83,8282 Melvin Crossing,658-510-2111,Zhangshi
Abbie,Hanburry,41.145.60.66,725 Ronald Regan Circle,396-250-5855,Vladikavkaz
Alain,Hawk,242.185.78.97,3 Schurz Trail,939-407-8538,Zhongzhai
Lucita,Vlasenko,30.70.13.249,140 Summit Avenue,464-514-7479,Niechanowo
Gwenette,Letford,133.178.120.47,008 High Crossing Park,577-439-3165,Al Wajh
Shirlee,Harburtson,159.132.26.83,088 Burning Wood Terrace,990-948-0331,San Pedro
Betteann,Oene,1.249.13.118,7 Clemons Terrace,905-619-9399,Chizhou
Seka,Collaton,213.195.12.232,938 Mcguire Crossing,662-865-6652,Berlin
Kristien,Dohmer,160.145.94.0,3 Hooker Terrace,408-675-3580,Nagutskoye
Reamonn,Reboulet,245.152.129.190,4 Randy Parkway,325-371-3215,San Angelo
Gasparo,De Vile,213.106.233.206,9 Esker Place,769-884-3182,Kusi
Kesley,Ruffli,232.194.33.105,2 Eagan Point,319-770-0030,Xiangquan
Giuseppe,Pernell,220.81.131.147,520 Ruskin Parkway,989-764-1549,Noisy-le-Grand
Jeffie,Sulley,217.198.54.30,660 Fremont Junction,655-260-6826,San Pedro
Caroljean,Eldred,25.229.244.19,0383 Menomonie Parkway,143-448-2188,Sam Phran
Connie,Offill,76.186.142.38,66578 Troy Center,138-177-5347,Pinhal General
Kaylyn,Paudin,242.142.106.187,48199 Mendota Road,573-921-4905,Caronoan West
Corliss,Muscat,180.159.151.248,59 Roxbury Park,277-302-9665,Litvínov
Giselle,Pedracci,181.48.211.52,9991 Basil Road,481-506-2020,Vërtop
Pepita,Pasque,20.137.214.103,812 Lyons Point,657-433-4476,Zyuzino
Brendan,Temblett,104.217.13.66,1417 Dayton Place,204-212-0976,Canis
Zarla,Warbeys,192.203.39.169,818 Vera Plaza,533-269-8015,Borås
Huntington,Bamborough,162.231.203.67,3 Fieldstone Lane,110-708-1584,Zhaogezhuang
Kalinda,Bannerman,152.132.2.138,220 Orin Junction,956-133-2424,Pilang
Emalee,Crush,48.7.153.155,5 Burrows Road,753-586-6809,Randuagung
Marielle,Doylend,162.12.127.237,01 Crownhardt Pass,743-726-4641,Kout na Šumavě
Jerrilyn,Westwell,168.54.98.12,397 Gina Pass,202-820-8521,Säter
Regan,Lunt,152.92.133.104,48 Banding Way,324-878-8737,Omemee
Rona,Seaton,6.133.97.59,2698 Portage Lane,242-827-0975,Xiaohe
Liuka,Crowdy,243.73.79.216,77 Nancy Junction,803-981-6695,Gombong
Ellynn,Tice,158.234.71.204,142 Hazelcrest Place,379-350-4122,Tiandiba
Adorne,Louth,2.178.139.3,07 Mitchell Alley,204-478-9549,Suva Reka
Gayle,Cescotti,230.110.245.80,7 Westport Street,626-839-3609,Kertanegla
Ronica,Hubner,11.8.44.225,422 Laurel Parkway,214-133-0770,Gowa
Cristy,Colvie,119.79.254.74,224 Saint Paul Road,416-644-2513,Chetian
Modesta,Bowlas,121.202.184.77,44 Kingsford Crossing,777-600-7203,Cha-am
Chev,Le Maitre,254.249.1.43,361 Superior Plaza,355-739-5411,Alegria
Josefina,D'Ugo,45.196.62.206,963 Charing Cross Place,774-952-3834,Zheleznogorsk
Archibald,Beernaert,58.181.57.234,7 Moulton Alley,215-983-3982,Philadelphia
Skyler,Neeves,175.15.92.141,416 American Ash Junction,805-305-8302,Sabunçu
Stanly,Roscow,96.46.234.151,01061 Monterey Street,750-836-3544,Mubo
Sandye,Matteucci,112.7.158.75,1 Waywood Place,331-716-9902,Centar Župa
Wallis,Kleint,189.6.83.174,335 Oriole Crossing,236-252-4880,Freiria
Sheena,Olliff,171.148.156.134,40117 Springview Terrace,738-313-9180,Shendang
Modesty,Cherrett,144.6.68.111,2 Hauk Street,350-895-1997,Tarogong
Doralynn,Whitebrook,81.143.219.218,21 Holy Cross Hill,544-623-3673,Balyaga
Gabriela,Bassil,59.214.179.182,8 Anhalt Trail,932-560-4715,Bang Pahan
Felisha,Boles,22.48.153.216,1873 Elka Parkway,410-242-7752,Sala
Morry,Thomesson,43.92.51.7,218 Almo Crossing,915-967-8074,El Paso
Jo,Rolfs,122.134.82.68,89 Messerschmidt Park,479-503-9844,Hưng Yên
Dale,Barefoot,198.154.203.192,29 Old Shore Circle,143-837-6987,Buenavista
Bryan,Lisciardelli,229.215.161.122,7 Hintze Parkway,766-102-7921,Binkolo
Godart,Lathleiffure,158.56.57.157,2 Forest Run Drive,321-497-5362,San Ramón de la Nueva Orán
Carson,Temblett,169.180.179.116,6827 Buena Vista Trail,662-603-0804,Villefranche-sur-Saône
Dalia,Cherry,125.22.244.129,63 Atwood Drive,403-841-3438,Roissy Charles-de-Gaulle
Millie,Jerosch,101.35.141.183,7451 Pankratz Center,916-605-3562,Sacramento
Issie,Vallerine,0.32.255.139,7089 5th Park,936-211-3260,Beaumont
Ynes,Geraldo,219.30.8.35,882 Killdeer Parkway,384-768-7682,Sarbīsheh
Cointon,Huggard,189.48.169.60,4984 Northridge Place,596-184-4080,Oslo
Blanche,Newborn,139.11.76.17,791 Nelson Terrace,539-343-0833,Bloemfontein
Farris,McGeachie,81.176.96.156,5655 South Place,882-628-0810,Lewopao
Hyacinthie,Truin,154.71.218.4,5 Granby Road,629-290-6791,Palmira
Illa,Brash,27.35.95.14,76 Algoma Terrace,770-866-7859,Krylovskaya
Izzy,Causon,219.199.35.118,64 Garrison Hill,814-736-9725,Siverskiy
Chelsy,Trosdall,242.23.112.199,244 Truax Junction,975-697-3371,Longxi
Toddy,Boorn,212.82.194.134,8969 Dixon Trail,579-344-2447,Huangjin
Sidonia,Ivett,90.168.98.254,84387 International Pass,131-146-0558,Businovo
Cynthia,Pharoah,145.205.175.102,4 Walton Terrace,684-155-0851,Talovyy
Eveleen,Scuffham,61.184.127.198,3 Vahlen Hill,762-631-4259,Kushtia
Conn,Enocksson,143.52.18.103,15 Garrison Way,671-776-9802,Ban Talat Yai
Huntington,Buddock,73.125.220.252,51 Carioca Alley,116-696-7310,Meniko
Garik,Richings,78.71.105.76,5 David Hill,980-310-0027,Hornówek
Jerrine,Vicker,109.14.15.51,89 Fremont Pass,395-684-1350,Mammari
Emlyn,McKag,202.102.145.78,95 Ruskin Alley,685-236-6593,Oruro
Kevon,Putterill,236.69.169.36,970 Fieldstone Drive,557-438-1614,Semampirbarat
Maddy,Gergolet,78.129.51.89,316 Burrows Park,785-271-9840,Mocajuba
Kizzee,McGilbon,35.171.195.226,30794 Anzinger Road,398-461-0725,Ertai
Milo,Grishkov,131.208.47.142,6736 Lyons Road,758-303-5985,Tata
Hillard,Kleinstern,118.55.73.83,83 Ludington Plaza,256-907-3684,Las Lomas
Kiley,Eakins,10.168.8.35,1235 Canary Crossing,931-379-5836,Taksimo
Joseph,Tranckle,40.202.139.74,8 Vidon Trail,360-841-4571,Sukajadi
Tina,Geri,65.212.71.255,07 Warbler Avenue,812-807-8021,Forquilhinha
Obadias,Maplesden,48.248.174.231,5 Heath Street,771-346-2055,Berbérati
Justis,Dalgarnowch,37.150.17.81,3105 Elka Place,715-223-5174,Semanding Barat
Genevieve,Bauchop,101.163.167.235,7 Northport Drive,342-379-0771,San Nicolas
Regina,Hamer,33.155.23.221,5 La Follette Trail,390-350-9982,Zaragoza
Natalie,Grenter,113.119.156.249,7841 Russell Pass,428-648-9119,Gabao
Danika,Grelik,173.129.253.69,28 Sloan Street,474-988-2885,Litibakul
George,Anshell,246.44.118.10,492 Orin Center,277-404-4387,Cerro Corá
Mathe,Biddlecombe,134.38.199.143,63001 Vernon Circle,716-917-4129,Rogóźno
Loleta,Mellem,252.28.153.150,75500 Banding Avenue,451-484-2231,Ndano
Morganne,Krebs,231.206.81.163,05618 Marcy Parkway,727-737-6034,Panunggangan
Perice,Narup,185.148.164.54,66081 Hallows Crossing,772-582-4617,Jequié
Dukey,Lode,138.44.177.237,4668 Milwaukee Way,203-202-9201,Waterbury
Ripley,Wilsdon,156.129.87.133,729 Milwaukee Drive,194-339-5519,Xiangying
Amberly,Jime,248.11.125.92,2242 Bellgrove Avenue,307-827-8842,Baini
Mable,Rupert,10.91.82.181,6 Granby Way,418-372-1449,Leles
Vivia,Arstingall,193.34.212.173,1 Messerschmidt Place,696-657-2795,Sagay
Candida,Prandin,99.153.126.18,923 Hooker Lane,675-671-7465,Czerwieńsk
Carina,McCutcheon,94.189.134.127,38747 Butterfield Circle,706-195-1017,Alès
Shea,Atwill,112.131.254.140,2657 Monterey Court,105-770-0227,Empório
Calli,Ilsley,18.156.13.167,83218 Macpherson Circle,838-291-3648,Zhangzhishan
Denys,Clemencet,127.225.67.40,3127 Dahle Road,621-549-4366,Caiyuan
Kinnie,Vanyard,110.43.234.136,2 Havey Lane,413-359-9331,Springfield
Merridie,Klimshuk,194.58.166.135,4819 Dennis Pass,570-673-8592,Stavanger
Alli,Kleeman,246.225.107.160,30 Northport Trail,640-639-7039,Milano
Aldus,Adamovicz,43.47.87.141,47 Schmedeman Plaza,970-735-3429,Tiassalé
Antonino,Fludder,3.47.38.105,3 Carioca Avenue,917-642-0211,Chaupimarca
Anthiathia,Liversidge,1.184.203.129,3322 Laurel Drive,572-527-1908,Lampang
Vincenty,Cabell,3.50.177.228,015 Ruskin Junction,389-310-0211,Hägersten
Weston,Chowne,105.254.39.196,9124 Huxley Road,367-255-9003,Aurillac
Kylynn,Kinder,194.14.134.81,46572 Lawn Lane,850-952-6378,Normandin
Tabb,Gudeman,4.186.200.116,5540 Chinook Crossing,365-259-8354,Williamsfield
Agnese,Chessman,40.166.47.150,740 Blaine Trail,833-592-4171,Atiquizaya
Ebba,Esilmon,72.126.62.182,0587 Miller Trail,330-441-7326,Wārāh
Brier,Marple,106.59.174.139,4 Sutherland Pass,919-336-1822,Ashiya
Theodor,Piscopello,247.13.103.248,27 Shopko Point,494-720-2904,Shymkent
Lillis,Borit,235.164.162.78,24777 Blue Bill Park Plaza,889-279-0378,Karanganyar
Mil,Stanistreet,113.151.150.69,9 John Wall Drive,812-885-5457,Rixinhe
Julio,Covil,88.231.84.209,2911 Debra Junction,997-574-0788,Cacoal
Bernie,Yepiskopov,125.84.132.190,0 1st Road,493-729-5593,Štěchovice
Egor,Maffiotti,81.55.241.240,23370 Huxley Alley,966-101-3481,Oyabe
Ramon,Garett,149.82.26.176,54 Dawn Lane,872-205-4032,Kyzylorda
Aluino,Masurel,120.38.195.81,0565 Rutledge Alley,729-566-1330,Nonoichi
Osmond,Raffon,30.111.62.41,706 Armistice Alley,769-533-7509,Domartang
Katy,Dunbleton,77.116.122.199,561 Clove Pass,399-535-3958,Karpogory
Fair,Vobes,102.1.37.26,0587 Bluestem Avenue,683-531-7475,Kang-neung
Homere,Harteley,110.9.240.191,754 Jenna Junction,456-690-9212,Krajan Karangsari
Quintin,True,15.158.25.85,898 Sunnyside Lane,876-997-3552,Mendes
Essie,Crummey,219.16.29.80,708 Paget Point,243-814-1571,Cà Mau
Gweneth,Poxton,221.126.79.126,360 Texas Junction,847-243-8927,Jaboatão dos Guararapes
Cesar,Horick,223.233.141.62,977 Amoth Court,281-238-6224,Tingo María
Maggy,Pahler,117.250.19.92,7276 Parkside Parkway,921-465-3840,Macklin
Jacquenette,Costellow,136.10.24.238,71 Rieder Plaza,294-504-1171,Sundsvall
Suzi,Cromie,111.90.85.173,45 Bashford Lane,867-184-9337,Mercedes
Sunshine,Arr,248.26.99.33,175 Fairfield Court,854-600-1831,Soure
Gwenette,Bann,121.188.42.91,062 Claremont Hill,388-903-3874,Montigny-lès-Metz
Jase,Arton,192.16.157.101,17325 Tennyson Way,917-911-0537,Gafanha da Encarnação
Joseito,Bastie,176.100.215.244,2480 Nelson Plaza,842-321-4038,Cocachacra
Sherlock,Leel,100.40.140.49,6627 Upham Hill,829-392-0248,Jēkabpils
Lonnard,Ashburne,105.99.198.22,500 Spaight Way,962-955-2783,Nadezhda
Ann-marie,Lomath,167.147.212.17,0 Jenifer Drive,976-278-2231,Rojas
Kate,Durn,10.66.146.218,87 Jenna Point,529-209-6026,Brejos
Claire,Lockart,158.123.78.123,9253 Glacier Hill Junction,495-724-7625,Zambujal
Nicolas,Betteney,251.78.43.113,0 Kensington Point,179-287-9781,Cergy-Pontoise
Ethelin,Sands,41.107.140.210,426 Mayer Center,183-722-3515,Malārd
Gabriella,Hulkes,76.36.214.113,82 Reindahl Point,270-655-3734,Linghu
Coreen,Boshier,196.242.253.8,21588 Bluestem Circle,138-668-1125,Pakxé
Bernardo,Tassell,41.98.103.54,7 Carioca Center,421-512-7585,Olopa
Sindee,Broughton,108.57.237.180,25 Gateway Avenue,876-777-1135,Radostowice
Yasmeen,Leynham,83.180.122.206,6969 Hansons Junction,754-752-8551,Cheongpyeong
Yorker,Yokelman,228.172.189.29,14115 Kim Terrace,476-529-5671,Lebowakgomo
Lina,Peplaw,238.32.112.9,265 Lindbergh Crossing,561-548-9077,Ognevka
Eunice,Greatorex,84.29.170.110,6 Monica Court,217-419-2569,Kruty
Gray,Heazel,127.108.181.28,38 Mccormick Point,664-402-9584,Banjar Buahan
Broderick,Jowsey,114.245.231.21,302 Saint Paul Lane,317-150-6134,Labrador
Griselda,Marney,138.187.118.33,5666 John Wall Circle,326-442-2829,Jastrzębia
Blaire,Bisacre,27.190.169.102,5039 Melody Center,315-858-3556,Ylitornio
Agneta,Puttick,2.250.181.119,9523 Sutherland Crossing,798-298-8801,Jabon
Alf,Schrader,53.239.210.148,2 Troy Circle,452-759-2283,Jipijapa
Sacha,Braund,167.139.107.66,76239 Hallows Terrace,911-500-6441,Bazar-Korgon
Eddi,McCarrick,60.237.64.126,67648 Ridgeway Drive,177-470-0308,Bay Roberts
Coralie,Scutts,173.220.62.226,03 Grover Crossing,710-392-6988,Koungheul
Carver,Cutbirth,181.198.79.192,8684 Dakota Park,564-246-9797,Mont-Dore
Cayla,Caudelier,9.58.66.14,4 Golf Course Court,114-764-9682,Ning’an
Jaymee,Domsalla,161.159.251.250,242 Northfield Trail,302-356-2371,Sayyān
Shane,Ventris,10.216.31.224,4 Lighthouse Bay Avenue,603-400-8269,Jianxin
Sheilakathryn,Farrears,241.80.73.157,39 Oxford Park,502-793-9817,Cabaret
Arliene,Chevins,137.67.90.174,31094 Victoria Drive,996-687-6856,Wang Hin
Evanne,Bere,93.170.202.132,931 Independence Hill,873-810-8093,Alchevs’k
Rockie,Benedict,19.242.223.19,1 Lakewood Circle,471-944-7197,les Escaldes
Shelley,Enevold,191.80.58.23,10 Warner Road,177-633-5445,Pilar
Judye,Vina,163.153.195.254,26 Stuart Plaza,619-713-6016,Xiaodukou
Danni,Akid,91.126.41.68,0542 Becker Road,465-365-2232,Yazykovo
Aksel,Abramovicz,119.173.210.249,14 Corben Way,288-672-9432,Robonkon
Benita,Willcox,108.87.252.176,4155 Aberg Crossing,925-703-2128,Aqtaū
Quinta,Couroy,13.133.181.158,77862 Muir Alley,898-199-5187,Berezniki
Gwenore,Friday,97.25.98.121,388 Carey Avenue,559-685-5118,Thames
Didi,Valintine,76.148.51.143,65701 Bonner Junction,702-105-5735,Qindu
Alfonse,Jannequin,215.249.196.146,8389 Anthes Lane,355-179-0731,Imaan
Kennedy,Fielders,64.37.185.226,66 Cordelia Road,118-361-0875,Lakhdenpokh’ya
Solomon,Templman,168.232.178.228,56815 Messerschmidt Pass,145-817-5026,Malalag
Dalston,Stanislaw,121.8.38.215,45271 Eliot Drive,327-708-8201,Kambia
Livvyy,McComish,239.63.189.76,31 Graceland Junction,798-374-2707,Vyksa
Dinny,Marsham,98.58.74.8,03287 Union Terrace,524-435-6526,Cabodiongan
Shauna,Mayfield,150.114.62.141,1548 Farwell Terrace,362-277-6848,Il’skiy
Esme,Ciccarello,201.121.121.82,8 South Plaza,160-862-5286,Sąspów
Peyton,Keysall,24.127.63.93,9179 Dennis Crossing,992-660-8895,Pembroke
Maybelle,Postlethwaite,110.54.6.235,9 Mesta Pass,201-231-3786,Baoshui
Leonie,Fiske,1.11.49.39,75795 Holmberg Court,459-150-5290,Bobojong
Wendi,Graeser,157.172.101.120,97 Cordelia Avenue,262-860-7977,Kristianstad
Everett,Gummary,152.135.117.107,52 Merrick Junction,266-997-0439,Balaoang
Velvet,Pickover,72.217.205.223,73 Becker Park,611-898-4293,Lasehao
Kim,Fernier,62.136.253.244,9 Goodland Crossing,982-773-8225,Guarapari
Angil,Remer,145.2.160.106,33915 Upham Terrace,606-504-6757,Kassel
Emory,McGorman,29.158.82.129,3014 Longview Trail,934-771-2009,Iroquois Falls
Tally,Goshawke,236.72.157.194,5460 Longview Hill,798-523-1889,Luklukan
Moll,Littlejohn,32.65.9.91,39544 Northfield Lane,434-497-9207,Cluny
Karalynn,Milmith,185.243.86.168,001 Haas Park,515-562-0446,Ncue
Doralyn,Poge,15.203.158.12,66968 Annamark Way,261-696-2578,Rybatskoye
Lettie,Stroban,97.102.216.121,60217 Blaine Hill,381-327-3681,Kasulu
Cameron,Furney,51.88.52.202,934 Hayes Parkway,398-389-7291,Lamas
Cammy,McGray,220.203.152.212,38087 Blackbird Point,124-807-4380,Magugu
Stacia,Prewett,53.254.107.231,8770 Ruskin Circle,569-584-2370,Ibshawāy
Bordy,Cranmere,158.191.206.170,85669 Surrey Park,516-301-1984,Lac La Biche
Theodoric,Robertet,36.47.204.122,63910 Cordelia Plaza,265-447-6332,Am Djarass
Jerri,Barstock,220.61.44.247,7921 Summit Parkway,864-207-9524,Baisha
Myrlene,Hess,222.145.43.38,2 Gulseth Junction,707-499-5034,Watulabara
Ernestus,Josephson,194.121.175.177,16 Schmedeman Trail,153-543-0258,Palma Gil
Merry,Duiged,179.25.188.102,99 Sullivan Plaza,702-894-6953,Manturovo
Drud,Chetwin,149.201.6.182,8905 Hoepker Place,405-738-7626,Oklahoma City
Tate,Latty,169.138.220.105,21155 Susan Circle,616-547-0628,Grand Rapids
Abbi,McIlvaney,115.6.10.23,6 Dahle Circle,970-473-7009,Mekarjaya
Chrisse,Goeff,253.201.37.53,47 Magdeline Avenue,226-553-0466,Higashimurayama-shi
Paulina,Thickins,136.97.15.132,467 Burning Wood Road,862-455-6951,Aktogay
Krishnah,Muncer,128.141.217.32,275 Gateway Place,154-115-7506,Berkovitsa
Darcee,Clay,157.75.7.177,1021 Tony Trail,124-181-7122,Loket
Andres,Blackader,138.239.182.219,0 Eagle Crest Street,487-723-4978,Paço
Sari,MacNamara,253.2.151.104,41 Waxwing Center,405-465-6476,Oklahoma City
Dulcinea,Cheers,45.113.37.75,994 American Alley,472-953-0418,Jialai
Randell,Finnie,77.141.108.230,59 Darwin Trail,113-852-1492,Pingxiang
Dennison,Kimmings,192.99.181.99,10 Scofield Plaza,627-992-4164,Puyang
Ilise,Scutts,224.105.107.102,505 Fulton Alley,812-836-7130,La Soledad
Antony,Ringwood,10.127.168.204,03076 Debs Lane,709-131-4552,Binuangeun
Corette,Seabrook,66.36.72.203,576 Esker Plaza,593-659-4955,Xinxu
Ricki,Roles,134.222.124.246,3 Sherman Trail,409-655-2437,Örebro
Berri,Aslet,44.10.159.250,29 Sullivan Street,289-843-5866,Wangda
Mira,Braybrookes,77.197.85.139,81 Farwell Parkway,503-120-5201,Landim
Burton,Domini,134.191.7.197,898 Stone Corner Point,868-217-7302,Cahuac
Dorothea,Burner,160.28.230.50,25276 American Center,506-693-0054,Smedjebacken
L;urette,Rachuig,229.80.245.29,2130 Corben Place,466-509-0952,Pura
Gerry,Lowden,205.17.173.122,0 Veith Point,588-192-5812,Kalloní
Claudell,Curzon,53.42.37.148,8726 Northland Pass,571-197-6412,Torbeck
Ellen,Clingan,135.83.0.153,941 Johnson Court,988-937-6845,Lipnica Wielka
Nathanial,Gimbrett,190.7.191.148,0285 Orin Terrace,686-402-3759,Chinandega
Isacco,Bewfield,125.53.252.183,2 Drewry Terrace,689-593-3458,Qiandong
Emogene,Livingston,246.2.97.94,1 Eliot Alley,910-626-8874,Nogoonnuur
Felita,Gullis,75.184.172.21,487 Scofield Place,408-447-1973,Konstantinovskoye
Hazel,Week,11.15.123.65,05364 Northview Junction,484-889-8359,Andramasina
Gavan,Keming,20.245.36.58,43977 Darwin Park,923-679-3786,Cabarroguis
Sanson,Wakeling,131.87.63.245,1462 Gulseth Parkway,774-107-4196,Saint-Marcellin
Durward,Airth,72.168.8.97,51096 Rusk Trail,533-503-9321,Empangeni
Humphrey,Dainter,13.25.194.156,183 Straubel Street,620-570-4537,Oefau
Lyell,Ringham,100.47.5.146,3 Sloan Crossing,702-959-5411,Heřmanův Městec
Perceval,Melwall,89.252.49.121,76 Fallview Road,475-650-9319,Caen
Theodore,Looks,177.119.5.163,5 Bultman Center,744-774-4728,Kabardinka
Wylie,Putson,6.113.250.108,4 Portage Center,156-753-4008,Biaokou
Ollie,Duckit,117.31.67.174,388 Tomscot Road,762-151-8164,Orlovskiy
Avrom,Jammet,244.196.14.96,544 Longview Road,782-694-6847,Basiong
Daniela,Kaines,234.137.110.47,8 8th Trail,582-307-6170,Copán
Theodosia,Randalston,221.41.48.44,566 Duke Center,567-166-9472,Bomadi
Fredia,Haggard,168.111.157.190,9 Grasskamp Pass,670-742-3830,Wenfang
Terrye,Fulop,43.82.65.166,17679 Canary Pass,115-738-3874,Campos Gerais
Muire,Reeme,109.52.219.176,9 Victoria Hill,978-872-3131,Ulashan
Koren,Dailey,247.118.97.196,7916 Summerview Terrace,919-154-0784,Oslo
Hamilton,Piris,1.219.238.66,7645 Fulton Avenue,332-144-6865,Ape
Lilith,Fidele,13.16.149.52,91720 Roxbury Crossing,249-159-1703,Nakhon Phanom
Dorthy,Hurdedge,194.57.125.134,4449 Kenwood Hill,701-494-8809,Dasol
Herbert,Lamswood,164.140.217.99,5 2nd Hill,265-485-1018,Sibulan
Doralyn,LAbbet,92.107.167.93,1025 Heath Avenue,593-979-6376,Nelazskoye
William,Oiller,244.202.162.226,507 Green Crossing,226-576-5887,Tumaco
Shaylynn,Renhard,83.34.123.45,10249 Crest Line Place,222-392-6934,Mandala
Auroora,Akrigg,86.28.90.223,3430 Canary Trail,851-575-6972,Corroios
Hildegarde,Valentetti,68.119.20.142,37035 Banding Hill,473-358-8453,Segoro
Freeland,Revens,251.75.188.245,5 Parkside Center,265-181-8826,Vyaz’ma
Asa,Bellworthy,194.99.102.231,828 Sommers Alley,643-985-5529,Cool űrhajó
Carlota,Hancox,253.231.89.203,8 Pennsylvania Hill,723-490-9256,Qijing
Jacquelin,Napton,38.142.252.76,16 Springview Avenue,373-654-9620,Teno
Nadya,Dust,210.72.181.62,8 Twin Pines Street,960-654-4500,Prey Veng
Twyla,Milsom,102.120.3.119,4 Evergreen Pass,949-483-2958,Brudzew
Robinet,Marchbank,35.190.183.105,170 Lyons Place,688-253-8780,Paratinga
Kermie,Lillford,232.250.11.142,855 Warner Point,851-594-6720,Juancheng
Osbert,Roofe,19.186.43.179,64 Transport Hill,626-784-3339,Ban Houakhoua
Julie,Petri,112.188.253.134,2309 Bunker Hill Parkway,903-475-0024,Guilhabreu
Penelopa,Farrell,118.108.225.72,69 Bobwhite Lane,446-904-7607,Los Patios
Bernadette,Reddoch,132.44.58.250,32 Oak Park,945-989-8517,Mpongwe
Layton,Spargo,70.69.191.162,49489 Ridgeway Pass,455-880-1789,Ouricuri
Garreth,Offer,137.14.46.63,629 Eagan Parkway,810-513-3225,Cochadas
Lindon,Gaule,116.237.78.56,505 Michigan Lane,442-497-5692,Wahang Dua
Darrin,Hammer,171.154.72.34,2182 Summit Court,186-529-8631,Tambarangan
Felike,Bernardez,196.113.213.87,8134 Pawling Pass,629-278-0201,Taishihe
Mallorie,McGarva,203.184.81.232,20 Buhler Lane,231-231-6289,Kangmei
Dianna,Haggerty,232.136.253.120,3 Amoth Parkway,451-648-1773,Łyse
Elnora,Longina,134.96.24.242,475 Packers Circle,119-832-6204,Gråbo
Chet,Braikenridge,15.6.227.62,09747 Almo Way,236-821-1260,Longsheng
Hayden,Kill,12.167.128.159,45668 Birchwood Parkway,272-695-1618,Charenton-le-Pont
Lutero,Dobrovolny,178.240.80.116,451 Debra Terrace,176-280-3737,Muang Sing
Ewan,Dinjes,151.229.156.53,85 Fordem Circle,813-680-4784,Shakhun’ya
Corrianne,Synder,19.83.15.214,7 Hovde Circle,496-750-1678,Arujá
Mariana,Skellion,22.24.127.166,332 Morning Court,659-192-1801,San Remigio
Abbye,Leeman,171.106.66.148,3444 Butternut Court,208-768-8639,Nyrkiv
Breena,Ties,242.68.35.241,4 Lukken Avenue,127-478-4085,Jiangcun
Cleve,Vicar,1.89.146.74,573 Gateway Trail,222-960-4682,Palecenan
Tonie,Wildman,180.211.110.90,8 Fairfield Circle,478-499-1100,Andong
Lorie,Trench,10.209.197.207,4 Spenser Way,908-874-7350,Bertoua
Kris,Moehler,76.207.152.68,9 Mockingbird Court,577-169-2995,Ciénega
Ardisj,Lehrle,226.154.48.156,77307 Blue Bill Park Park,513-923-8112,Gamut
Jeth,Samwayes,43.238.127.149,86 Huxley Drive,422-385-7932,Nong Phai
Beverley,McIntosh,119.199.220.15,1 Merry Street,497-486-4319,Boston
Rasla,Sember,90.223.241.79,646 Golf Course Road,995-949-7156,Rabat
Bailey,Dickin,65.65.165.143,837 Hoepker Lane,489-946-9758,Alverca do Ribatejo
Robers,McCord,100.126.59.70,66 Trailsway Court,182-393-2190,Citeluk
Carmine,McCadden,137.59.170.247,98586 Ilene Street,561-748-0975,Quemú Quemú
Pierson,Hayfield,66.60.199.33,25085 Marquette Avenue,336-661-1132,Riangkroko
Ayn,Topp,137.210.217.18,547 David Point,180-970-8096,Mingcheng
Eada,Imison,223.52.233.165,9847 Vermont Crossing,100-280-3178,Hénin-Beaumont
Powell,Harwin,230.11.116.194,9 Ryan Court,961-279-6056,Larache
Jock,Python,83.135.108.164,54618 Green Alley,201-553-5136,Yopal
Bartlett,Simunek,236.209.157.123,1 Melody Place,632-704-3761,Novovolyns’k
Darcey,Goodboddy,195.243.194.209,2 Tomscot Street,933-586-1277,Putang
Linnet,Gibbens,94.114.226.213,1 Shasta Alley,278-708-9662,Şirrīn ash Shamālīyah
Keir,Skitral,219.9.84.252,121 Mayfield Park,972-398-7661,Santo Estêvão
Carlotta,Wiffield,49.233.252.147,37 Monica Avenue,696-714-9951,Saijō
Jeannine,Blandamere,116.5.128.118,331 8th Park,215-970-1044,Timiryazevskiy
Grete,Thiolier,98.98.21.222,2 Tennessee Way,818-552-5646,Isakly
Starlene,Chancellor,245.227.219.190,87016 Basil Road,607-449-3725,Dadus
Menard,Reschke,41.173.218.237,34022 Lillian Point,371-499-0008,East London
Blondell,Labbe,168.159.156.68,35 Dahle Circle,959-179-3100,Ordem
Cassius,Remon,19.72.40.177,3484 Everett Point,210-985-4807,Muli
Delmor,Kimble,205.93.21.210,15 Roth Park,410-123-7115,Lagoa Santa
Griffin,Beushaw,223.184.174.178,53660 East Terrace,976-964-2727,Jiangzhou
Lanny,Lambard,130.103.156.39,8233 Pine View Street,952-717-7291,Ashley
Pacorro,Dymick,231.82.73.5,7 Randy Terrace,876-910-6361,Gadang
Carey,Hadleigh,221.29.175.67,83 Darwin Court,636-476-4024,Ébolowa
Jule,Partner,141.57.183.215,8550 Arapahoe Center,469-446-6670,Chigasaki
Madalyn,Laidel,221.61.83.122,6 Continental Court,509-303-7234,Khlong Hat
Karel,Studholme,114.128.156.82,47 Nevada Crossing,717-880-0347,Megati Kelod
Anders,Dwight,160.233.93.224,1 Gulseth Hill,193-692-5787,Jichang
Suki,Bambridge,124.217.230.13,86797 Ryan Street,905-452-0352,Xiniu
Bettine,Goscar,234.55.195.51,2223 Sycamore Drive,683-595-1274,Nizhniy Kislyay
Darsie,Sertin,170.163.201.242,42 Homewood Circle,448-414-3772,Itaquyry
Theadora,Cowburn,13.101.243.129,79864 Arizona Trail,997-844-3694,Krzczonów
Lucie,Mahy,113.64.79.64,5484 Washington Road,537-841-8486,Jizhou
Duff,Comino,161.54.237.11,5702 Mayfield Pass,614-939-9053,Columbus
Zora,Wiffler,179.202.80.15,81 Rusk Circle,734-110-7229,Ijuí
Analiese,Trounce,224.94.65.254,1 Warner Junction,834-356-4851,Biguo
Etan,Greenhowe,126.10.72.1,6 Basil Center,793-138-0993,Lyon
Sonny,Vaney,131.193.81.162,032 Linden Parkway,502-784-7078,Nankāna Sāhib
Amerigo,Di Angelo,33.109.144.21,7398 Thackeray Way,364-373-8084,Beaufort
Morgen,Eicke,220.200.227.226,6 Morningstar Hill,811-889-5975,Kup
Haily,Arstingall,14.10.107.74,891 Novick Lane,836-868-6289,Jintang
Reinhold,Koschek,123.107.120.162,52 David Terrace,744-636-4368,Viking
Carney,Maiklem,92.202.220.146,03678 Ilene Street,876-919-1644,Inozemtsevo
Aurelia,Grinin,116.129.249.150,71151 Dorton Lane,136-817-8282,Gobabis
Fifi,Tarbard,60.153.64.87,1 Loomis Street,605-894-8942,Melaka
Dominica,Jakeman,95.201.212.178,147 South Drive,250-904-7892,Staré Město
Jessie,Bulmer,198.1.141.144,223 Meadow Vale Pass,875-835-7452,Watuka
Creighton,Bampkin,153.114.131.224,2 Mitchell Way,441-585-6983,Dianya
Christine,Handrock,132.117.27.20,763 Browning Center,738-842-4964,Bendo
Melisandra,Timms,208.124.150.95,408 Bay Road,664-668-7551,San Marcos
Daisy,Smullin,145.187.157.242,0810 Summer Ridge Pass,505-677-8491,Pangawaren
Bernard,Heinrich,160.255.33.124,7 Doe Crossing Drive,983-672-0496,Janja
Phebe,Sissons,183.223.141.174,54 Dapin Lane,384-290-3407,Tuojiang
Nikki,Byart,39.26.169.176,454 Ruskin Road,280-843-2661,San José
Myranda,Bentjens,149.244.217.52,908 Blackbird Point,900-687-9474,Lecherías
Micky,Comins,168.170.118.90,79820 Stoughton Point,156-964-9600,Baishi
Leicester,Espin,31.6.71.119,43 Knutson Circle,885-213-3981,Sundsvall
Cassie,Munn,111.248.87.104,32 Corben Junction,866-694-9425,Zheleznogorsk
Ina,Janczak,202.110.89.233,4799 International Court,517-892-0305,Tower
Heddi,Wingham,96.100.90.130,26791 La Follette Plaza,519-749-1277,Rožmitál pod Třemšínem
Tedmund,MacGowing,74.133.84.207,9 Caliangt Court,782-902-1582,Tijucas
Anne,Howling,101.39.22.39,5529 Old Shore Way,597-882-4981,Horizonte
Andrey,Kidstoun,176.132.214.86,3 Fairview Street,728-171-8624,Tūkrah
Constantine,Lotterington,89.87.179.157,0360 Linden Crossing,460-177-5023,Lyon
De,Skala,224.250.209.105,8221 Kennedy Terrace,374-943-6841,Norrahammar
Dorthy,Pays,8.153.12.225,3803 Leroy Circle,890-404-7188,Cansolungon
Marianne,Beesley,25.255.11.114,6482 Bunker Hill Pass,353-463-4797,Żarki
Abbott,Stobie,202.232.145.225,2868 American Ash Junction,751-239-2484,Diriá
Bev,Buzza,93.34.116.112,0081 Bay Pass,341-638-8335,Habana del Este
Isadora,Kintzel,164.122.218.73,2091 2nd Point,364-958-8959,Lunéville
Tynan,Conman,118.204.54.135,31 Summit Park,483-250-4720,Siumate
Cherrita,Macartney,90.92.119.14,1 Hintze Center,157-598-8704,Gampang
Beauregard,Bloys,55.101.254.28,956 Cambridge Lane,998-582-3241,Toulon
Stearn,Brahams,17.117.250.121,93900 Ramsey Hill,105-690-8724,Asen
Felix,Perello,71.155.209.46,8689 Lake View Circle,499-748-0390,Wuyo
Erl,Payn,40.195.91.185,34 Browning Place,825-382-0636,Shangping
Grace,Holbie,53.156.235.236,2 Continental Drive,264-543-5570,Almolonga
Doria,Tew,90.211.151.152,817 Butterfield Junction,598-859-9729,Mizoch
Ivory,Dawdary,66.143.28.45,7563 Jenna Crossing,453-253-6337,Yên Mỹ
Haroun,Dzenisenka,12.64.231.219,16878 John Wall Alley,158-851-6510,Hutou
Karlik,Lafond,64.172.186.86,47352 Arrowood Parkway,220-518-3900,Rudnogorsk
Lexis,Yardley,112.100.17.172,96 Morning Court,762-618-9438,Fernández
Perceval,Lamperti,166.78.182.145,4822 Montana Alley,365-591-1823,Perechyn
Fremont,Getley,233.151.183.215,95 Schurz Pass,264-854-1211,Palmito
Dov,MacGee,75.188.153.126,82225 Moose Hill,985-441-7857,Praia da Vagueira
Julietta,McGlew,23.73.127.16,149 3rd Junction,951-109-7148,Oslo
Cirstoforo,O' Driscoll,96.243.157.250,7 Butternut Alley,515-532-9932,Bherāmāra
Briggs,Blakesley,92.177.15.118,4 Ronald Regan Trail,330-364-6795,Megati Kelod
Huntley,Skipsea,208.223.121.130,9674 Toban Way,717-445-5079,Lancaster
Marjie,Holme,59.148.157.40,00682 David Avenue,107-451-9686,Tianxin
Odele,Van den Hof,100.247.253.44,52510 Debs Crossing,416-343-7336,Linqu
Pansie,Kassman,21.177.102.64,9 Dottie Place,511-844-8560,Saint-Quentin-en-Yvelines
Eugene,Forkan,32.153.178.107,9360 Declaration Place,776-239-6144,Notre-Dame-des-Prairies
Skye,Staite,205.26.146.147,93615 Fordem Junction,959-847-0682,Huanglin
Penelope,Owbridge,205.103.245.225,2 Lyons Drive,432-835-3666,Korczew
Osmund,Hawk,199.77.110.118,33341 Darwin Trail,384-201-5452,Nong Khaem
Patrizius,Klisch,2.34.217.84,87119 Norway Maple Point,161-530-4498,Höganäs
Vitia,Golds,154.127.145.50,63 Mccormick Pass,734-508-5722,Đình Lập
Helene,Hainsworth,41.40.139.29,733 Service Junction,833-641-8327,Yaosai
Bronson,Mattiuzzi,172.95.96.179,29825 Erie Crossing,744-377-6497,Chapultepec
Frederique,Doghartie,48.137.166.221,94592 Columbus Lane,428-227-2726,Lazarevac
Isabelle,Wooder,132.70.81.9,1 Cherokee Place,889-905-6416,Sinacaban
Liana,Struan,153.214.217.124,3414 Stoughton Place,576-830-5829,Antequera
Mary,Lyburn,116.73.153.158,46419 East Lane,521-990-6235,Wuluhan
Tyne,Laurent,89.35.54.130,3176 High Crossing Court,336-879-3917,Cibiru
Lanie,Lensch,128.61.2.25,8630 Northwestern Alley,276-404-1344,Youssoufia
Marijo,Dilon,203.232.183.254,199 Fordem Terrace,666-499-4706,Tongle
Amberly,Greasty,164.87.58.70,7858 Stephen Plaza,150-275-8323,Firminy
Angeline,Poynser,23.163.48.93,5389 Valley Edge Street,373-879-0037,Camajuaní
Filippa,Lobell,50.196.0.216,30935 Dawn Plaza,201-839-1649,Luxi
Fedora,Wintour,55.168.131.212,5 Erie Park,246-233-7056,Melikkrajan
Willa,Scutching,70.5.61.100,7 Clyde Gallagher Hill,636-735-1028,Qingshui
Kevin,Geaney,87.241.221.241,07 Oxford Hill,595-699-1539,Áyios Vasílios
Sondra,McMahon,144.65.91.84,45 Moulton Place,982-419-5867,Mhlume
Basil,Corkan,214.198.253.152,125 Banding Lane,706-514-3968,Augusta
Coretta,Joplin,196.196.39.101,8163 Blackbird Parkway,338-423-0472,Melaka
Emogene,O'Suaird,3.125.193.118,7186 Melody Crossing,861-460-4728,Petropavlovskaya
Brandy,Tyzack,37.37.169.210,77 Bay Drive,480-456-4958,Sanxi
Dore,Silcox,174.54.109.16,1164 Dixon Hill,108-777-0672,Budapest
Analise,Hammett,2.138.47.181,41928 Butterfield Circle,408-499-0159,Ayabe
Vivianna,Kitney,37.50.117.244,0485 Utah Terrace,573-350-3157,Güiria
Bondy,Bolzmann,93.223.225.102,4788 Messerschmidt Street,539-319-8228,Criação Velha
Issie,Muschette,66.63.153.239,4985 Muir Junction,219-120-2802,Alvesta
Nils,Gosalvez,98.28.105.27,3 Vermont Point,419-697-7091,Mino
Dionisio,Isaac,6.182.55.68,30 Lakewood Place,777-562-3890,Yablonovskiy
Keelby,Hunnisett,34.208.161.196,05 Ruskin Circle,907-469-1155,Anchorage
Catlee,Arno,72.239.220.30,1 Florence Pass,519-420-5333,Tshela
Jada,Raxworthy,180.100.74.168,5 Dixon Court,190-211-6020,Lampuyang
Kinny,Rolph,150.50.136.88,256 Algoma Plaza,200-370-8296,Tsagaanchuluut
Constancia,Tustin,7.70.60.95,721 Westerfield Street,891-985-5382,Vito
Alix,Carnock,207.120.238.64,1 Meadow Ridge Terrace,291-745-4521,Chenghe
Marlyn,Dabnor,73.139.82.160,92043 Hanover Drive,949-251-7843,Rabat
Toinette,Bertl,9.144.174.33,351 Jackson Junction,358-743-5651,San Francisco
Cobbie,Novic,75.177.90.24,8 Anzinger Pass,460-758-7441,Río Bueno
Ulla,Irnys,21.130.93.195,8334 8th Street,719-572-4300,Cikoneng
Maia,Kedwell,209.228.244.174,407 Mayer Junction,294-466-6918,Janaka
Jerrylee,Penritt,252.32.236.71,6 Ridgeway Lane,727-258-7580,Sainyabuli
Anastasie,Hawson,116.109.30.248,864 Schlimgen Lane,359-971-2491,Santa
Penelopa,Seid,86.245.168.149,9983 Northland Park,242-808-8397,Noda
Keane,Troak,59.182.192.166,08991 Bunting Court,416-520-0197,Kafr ad Dawwār
Julie,Di Franceshci,252.245.128.45,9 Mesta Court,674-521-2745,Cabinda
Chalmers,Tonkin,58.1.104.11,39 Darwin Center,267-199-8349,Darłowo
Dorella,Menaul,75.225.239.200,2128 Ridgeview Park,205-501-9212,Tafraout
Whitaker,Dabrowski,160.38.150.19,90 Portage Terrace,924-901-1175,Letovice
Faina,Keenleyside,59.238.135.116,0137 Pawling Plaza,438-700-9749,Tongyu
Mellisa,Illidge,227.39.101.37,565 Cascade Circle,550-399-9488,Azogues
Jareb,Januszkiewicz,203.222.198.59,56220 Twin Pines Street,642-228-9264,Versailles
Peterus,Matyasik,59.170.85.105,286 Miller Crossing,595-751-3772,Ciudad Guayana
Lynnette,Jagiello,220.167.100.156,860 Dunning Court,418-823-2500,Borlänge
Corie,Ellis,198.181.137.91,245 Utah Way,769-690-4805,Gandong
Ina,Cours,161.152.140.112,4 Nova Terrace,168-142-5684,Baraçais
Liza,Eloy,224.201.22.44,37 Glacier Hill Place,992-700-3998,Gongfang
Camille,Pedlingham,174.199.255.143,5 Dwight Avenue,337-819-8621,Ust-Maya
Goldy,Laterza,180.55.249.106,10962 Schlimgen Way,333-558-1220,Chamlykskaya
Farah,Walduck,109.87.98.235,81 Mitchell Place,853-707-4690,Maputo
Mathias,Puve,221.10.225.170,28689 Morrow Circle,236-105-4701,Tiflet
Witty,Boakes,165.128.52.35,54349 Golden Leaf Street,537-496-0493,Petrópolis
Aube,Speechly,107.254.86.121,790 Meadow Vale Center,769-581-3059,Zombo
Townsend,Warsop,232.242.253.214,517 Mccormick Plaza,350-450-7242,Chambas
Carson,Evequot,238.111.163.111,5330 Ruskin Avenue,245-996-6077,Wantan
Elwood,Halstead,177.90.80.144,0 Menomonie Alley,379-313-4660,Sukamulya
Zerk,Fiander,48.24.187.122,374 Fordem Crossing,865-265-9310,Skópelos
Karoly,Trotman,228.89.202.75,675 Stoughton Plaza,874-254-3085,Bherāmāra
Haydon,Roach,7.203.187.57,3 Warner Point,155-447-5895,Longnawang
Derrick,Badland,72.90.230.196,75448 Victoria Point,229-928-4226,Tejar
Jillie,McShirie,99.162.20.50,86 Stephen Hill,543-690-5588,Taizi
Eadmund,Reolfo,46.13.137.242,8 Meadow Valley Drive,675-533-1622,Kaolack
Antone,Dewhurst,86.148.49.253,43362 Oneill Hill,598-692-8757,Victoria
Gherardo,Sidebotton,103.197.190.177,2 Cardinal Center,341-769-4459,Bastak
Mischa,Edson,138.110.50.127,820 Mcbride Park,371-287-9722,Maradabangga
Zachery,Dark,27.5.68.104,20 Crownhardt Street,779-218-4777,Vitoria-Gasteiz
Stirling,Prozescky,104.157.43.3,8 Sunnyside Alley,369-244-6799,Ruše
Raimundo,Ashling,35.82.236.200,3 Hansons Pass,399-988-6290,Tipitapa
Tomkin,Kubera,109.4.115.245,8 Lakewood Gardens Junction,563-348-6910,Xiqi
Farlee,Iowarch,178.198.132.9,80873 Anhalt Terrace,877-175-7216,Gongnong
Ignacius,Proffer,8.120.114.183,19806 Ridgeway Circle,986-119-9356,Kendalngupuk
Florentia,Brehaut,96.172.40.240,5066 Miller Point,463-391-6395,Jiaodai
Athena,Goves,151.223.53.71,26161 Lotheville Street,737-816-1591,Cikulina
Juliana,Earlam,248.69.20.104,011 Luster Pass,925-387-0575,Kolmården
Rafe,Baylie,144.63.90.45,7926 Maple Wood Road,624-793-9030,Ransang
Helge,Eamer,253.173.51.56,1 Lyons Alley,381-187-8565,Digne-les-Bains
Penelopa,Denerley,166.45.128.100,6101 Farragut Road,585-742-5233,Rochester
Ralf,Farfolomeev,123.128.9.162,29 Wayridge Street,445-129-2716,Huicheng
Nathaniel,Lythgoe,108.102.210.141,8 Sachs Pass,531-418-9804,Tānk
Sherry,Goldbourn,198.223.24.191,18 Shasta Hill,313-194-4450,Santuario
Johann,Titta,235.218.192.44,9 Troy Point,937-230-8714,Yauca
Cristina,Simoens,121.250.162.143,96458 Bowman Crossing,878-137-5840,Qiaolin
Willi,Dunrige,56.161.13.28,80774 Hoard Hill,479-914-0853,Gorē
Lorens,Pettman,4.199.249.240,331 Loomis Place,459-210-2391,Serra
Tremayne,Hambrook,120.26.147.70,640 Mccormick Way,799-677-5961,São Roque
Winfred,Husk,138.123.42.0,72507 Fallview Drive,472-175-6593,Juhaynah
